Tspan12	Tspan12
Tshz1	Tshz1
Fnbp1l	Fnbp1l
Adamts15	Adamts15
Cldn12	Cldn12
Rxfp1	Rxfp1
2310042E22Rik	2310042E22Rik
Sema3c	Sema3c
Jam2	Jam2
Apbb1ip	Apbb1ip
Frem2	Frem2
BC005764	BC005764
Deptor	Deptor
C130030K03Rik	C130030K03Rik
Klhl13	Klhl13
Tnfaip8l3	Tnfaip8l3
Ascl1	Ascl1
Atp1b2	Atp1b2
Tmem132e	Tmem132e
Prkar2b	Prkar2b
Necab1	Necab1
Nr2f2	Nr2f2
Stmn1-rs1	Stmn1-rs1
Shisa9	Shisa9
Sub1	Sub1
Vat1l	Vat1l
Pcdh18	Pcdh18
Dpysl5	Dpysl5
Agtr2	Agtr2
Cxcl14	Cxcl14
Ptprf	Ptprf
Cers5	Cers5
Nacc2	Nacc2
Cntnap2	Cntnap2
Asic4	Asic4
Tph2	Tph2
Rit2	Rit2
Scg2	Scg2
Nr2e1	Nr2e1
Bmp3	Bmp3
B3galnt1	B3galnt1
Gm9846	Gm9846
Kcnn1	Kcnn1
Fam19a2	Fam19a2
Samd4	Samd4
Stmn1	Stmn1
Egln3	Egln3
Bmper	Bmper
Cd200	Cd200
1810041L15Rik	1810041L15Rik
Rnf128	Rnf128
P2ry1	P2ry1
Sorcs1	Sorcs1
Htr3a	Htr3a
Kcnip1	Kcnip1
Sco2	Sco2
2610044O15Rik8	2610044O15Rik8
Tmem41b	Tmem41b
Cdh9	Cdh9
Ppp2r3d	Ppp2r3d
Usp28	Usp28
Trib2	Trib2
L2hgdh	L2hgdh
Cited2	Cited2
Btbd11	Btbd11
Rgs12	Rgs12
Cnr1	Cnr1
Kcnd3	Kcnd3
Htr3b	Htr3b
Sulf2	Sulf2
Capn5	Capn5
Osbpl5	Osbpl5
Nrtn	Nrtn
Nr2f1	Nr2f1
Galnt14	Galnt14
Slc35f1	Slc35f1
Mmgt1	Mmgt1
Htr7	Htr7
E130309F12Rik	E130309F12Rik
Wtap	Wtap
Racgap1	Racgap1
Arhgap24	Arhgap24
Maml3	Maml3
Gng2	Gng2
Tnc	Tnc
Fndc3a	Fndc3a
Npas3	Npas3
Celf6	Celf6
Inpp4b	Inpp4b
Npas1	Npas1
Ache	Ache
Clnk	Clnk
Sel1l3	Sel1l3
Adarb2	Adarb2
Nrxn3	Nrxn3
Fam211b	Fam211b
Akap7	Akap7
Chrna4	Chrna4
Ugp2	Ugp2
Tmem242	Tmem242
Csdc2	Csdc2
Camk2d	Camk2d
Rph3a	Rph3a
Olfm2	Olfm2
Pcp4l1	Pcp4l1
Ablim1	Ablim1
Igf1	Igf1
Sorcs2	Sorcs2
Ddah1	Ddah1
3110043O21Rik	3110043O21Rik
Adra1b	Adra1b
Vash2	Vash2
2510009E07Rik	2510009E07Rik
Zfp518b	Zfp518b
Magi3	Magi3
Capza1	Capza1
Enho	Enho
Asic1	Asic1
Gng4	Gng4
Bend4	Bend4
Stat5b	Stat5b
Cntn4	Cntn4
Slc35f4	Slc35f4
Frmd7	Frmd7
Pdzd2	Pdzd2
Erbb4	Erbb4
Bglap2	Bglap2
Tac2	Tac2
Rpl34-ps1	Rpl34-ps1
Fam163a	Fam163a
Gm11110	Gm11110
Hcn3	Hcn3
Cenpa	Cenpa
Col6a3	Col6a3
Dlx6os1	Dlx6os1
Col15a1	Col15a1
Cacng5	Cacng5
Xist	Xist
Scn7a	Scn7a
Dennd2a	Dennd2a
Wnt5a	Wnt5a
Tmem229b	Tmem229b
Cbln2	Cbln2
Bloc1s3	Bloc1s3
Socs2	Socs2
Slc18a3	Slc18a3
Mybpc1	Mybpc1
AI848285	AI848285
Wnt5b	Wnt5b
Tcerg1l	Tcerg1l
Scgn	Scgn
Myl1	Myl1
Chat	Chat
Gpr176	Gpr176
Gpr68	Gpr68
Hcrtr2	Hcrtr2
Cntn6	Cntn6
Col24a1	Col24a1
Glra2	Glra2
Rgs16	Rgs16
Scn5a	Scn5a
Grpr	Grpr
Penk	Penk
Calb2	Calb2
Rgs8	Rgs8
Slc5a6	Slc5a6
Vangl2	Vangl2
A230072E10Rik	A230072E10Rik
Bard1	Bard1
Lca5l	Lca5l
H2-M5	H2-M5
Bag2	Bag2
Trpc3	Trpc3
Fam159b	Fam159b
Gpc3	Gpc3
Clrn1	Clrn1
Dnajc4	Dnajc4
Rimklb	Rimklb
2610002M06Rik	2610002M06Rik
Cep120	Cep120
Dfna5	Dfna5
Dlx1	Dlx1
Panx1	Panx1
Slc7a1	Slc7a1
Dlx2	Dlx2
Acpl2	Acpl2
Pag1	Pag1
Syngr3	Syngr3
Rbms3	Rbms3
Pgap1	Pgap1
Dzank1	Dzank1
Dcx	Dcx
Nap1l5	Nap1l5
Dbndd1	Dbndd1
Lancl3	Lancl3
Peg3	Peg3
Rimkla	Rimkla
1500011B03Rik	1500011B03Rik
Tbc1d8	Tbc1d8
Dnm3	Dnm3
Prpsap1	Prpsap1
Neto1	Neto1
Syt13	Syt13
Marcks	Marcks
Lhfpl3	Lhfpl3
Nap1l3	Nap1l3
Tmsb10	Tmsb10
Fgf12	Fgf12
Pitpnc1	Pitpnc1
Hsdl1	Hsdl1
Iglon5	Iglon5
Kcnh2	Kcnh2
Thsd7a	Thsd7a
Arhgdig	Arhgdig
Slc25a33	Slc25a33
AI504432	AI504432
Rpp25	Rpp25
Rassf5	Rassf5
Tmem130	Tmem130
Slc8a3	Slc8a3
Whrn	Whrn
Cib2	Cib2
Sfrp2	Sfrp2
Tgoln1	Tgoln1
Rcan3	Rcan3
Cdh7	Cdh7
Camk2n2	Camk2n2
Ccne1	Ccne1
Ppme1	Ppme1
Polr3d	Polr3d
Ugdh	Ugdh
Glce	Glce
Klhl29	Klhl29
Mettl25	Mettl25
Mrto4	Mrto4
Sncb	Sncb
Tmem178	Tmem178
Tfap4	Tfap4
Dnajb9	Dnajb9
Zfp385a	Zfp385a
AF529169	AF529169
Fam161b	Fam161b
Foxred2	Foxred2
Wdr37	Wdr37
Ppp1r3f	Ppp1r3f
Nploc4	Nploc4
Mpp3	Mpp3
Dlc1	Dlc1
Ino80e	Ino80e
Smim19	Smim19
Tbc1d24	Tbc1d24
Serp2	Serp2
Dexi	Dexi
Samd10	Samd10
Ppfia4	Ppfia4
Fnta	Fnta
Rab11fip5	Rab11fip5
Camk1	Camk1
Snx8	Snx8
Pelo	Pelo
Pitpnm3	Pitpnm3
Ttn	Ttn
B3galt6	B3galt6
Afg3l2	Afg3l2
Hibadh	Hibadh
Dnm1l	Dnm1l
Gpr83	Gpr83
Uqcc1	Uqcc1
Cdv3	Cdv3
Egfr	Egfr
Esrrg	Esrrg
Pank1	Pank1
Polr2m	Polr2m
9630033F20Rik	9630033F20Rik
Adrbk2	Adrbk2
Syne1_loc2	Syne1_loc2
Ctnna2	Ctnna2
Arl5a	Arl5a
Gjd2	Gjd2
Pebp1	Pebp1
Adc	Adc
Cxx1b	Cxx1b
Gnal	Gnal
Cdc27	Cdc27
Arhgef10l	Arhgef10l
Nr1d2	Nr1d2
Elavl4	Elavl4
Cntnap1	Cntnap1
Cops7a	Cops7a
Tmem184b	Tmem184b
Cerk	Cerk
Map1lc3a	Map1lc3a
Elof1	Elof1
Pitpna	Pitpna
Faim2	Faim2
Slc45a1	Slc45a1
Kcnc1	Kcnc1
Maneal	Maneal
Psmb4	Psmb4
B4galt5	B4galt5
Impad1	Impad1
Myo5a	Myo5a
Nipal3	Nipal3
Mafb	Mafb
Dynll2	Dynll2
Gnas	Gnas
Ctsd	Ctsd
Gng3	Gng3
Slc38a1	Slc38a1
Kif1a	Kif1a
Pgam1	Pgam1
Tcf25	Tcf25
Stxbp1	Stxbp1
Rims2	Rims2
Scn1a	Scn1a
Efhd2	Efhd2
Lgmn	Lgmn
Vamp1	Vamp1
Stox2	Stox2
Rnf11	Rnf11
Plcb4	Plcb4
Tspyl4	Tspyl4
Lynx1	Lynx1
Capns1	Capns1
Ttyh3	Ttyh3
Vegfb	Vegfb
Tiam1	Tiam1
Bcap29	Bcap29
Haus4	Haus4
Cxx1c	Cxx1c
Slc32a1	Slc32a1
Gas6	Gas6
Prkar1b	Prkar1b
Scoc	Scoc
Ell2	Ell2
Adam9	Adam9
Pdxk	Pdxk
Nat8l	Nat8l
Dnajb1	Dnajb1
Syngr1	Syngr1
Bex2	Bex2
Aldoa	Aldoa
Elavl2	Elavl2
Cand1	Cand1
Orc5	Orc5
Srrm4	Srrm4
Rnf217	Rnf217
Dlx1os	Dlx1os
Atp6v0d1	Atp6v0d1
Pkm	Pkm
Pacsin2	Pacsin2
Rab5b	Rab5b
Cdr1	Cdr1
Dleu7	Dleu7
Rufy3	Rufy3
Sult4a1	Sult4a1
Phyhipl	Phyhipl
Aldh5a1	Aldh5a1
Slc1a4	Slc1a4
Kbtbd2	Kbtbd2
Etl4	Etl4
Cpeb3	Cpeb3
Shroom2	Shroom2
Gapdh	Gapdh
Adarb1	Adarb1
Atp6v1b2	Atp6v1b2
Fundc1	Fundc1
Rangap1	Rangap1
LOC106740	LOC106740
Rcan2	Rcan2
Mllt11	Mllt11
Rap1gds1	Rap1gds1
Zc4h2	Zc4h2
Cplx1	Cplx1
Kcna6	Kcna6
Arnt2	Arnt2
AA465934	AA465934
Vdac1	Vdac1
Slc25a3	Slc25a3
Abat	Abat
Lrrc3b	Lrrc3b
Rpl3	Rpl3
Kcna2	Kcna2
Pclo	Pclo
Ankib1	Ankib1
Hspa8	Hspa8
Lpgat1	Lpgat1
Adcyap1r1	Adcyap1r1
Cltb	Cltb
Hdgfrp3	Hdgfrp3
Fam102b	Fam102b
Hccs	Hccs
Vwc2	Vwc2
Lrtm2	Lrtm2
Asic2	Asic2
Tbc1d9	Tbc1d9
Klc1	Klc1
Lpin1	Lpin1
Ndn	Ndn
Rpl41	Rpl41
Ids	Ids
Sfxn1	Sfxn1
Dnlz	Dnlz
Fam63b	Fam63b
Neto2	Neto2
Grip1	Grip1
Abhd8	Abhd8
Ctps	Ctps
Ntrk2	Ntrk2
Cspg5	Cspg5
Syt1	Syt1
Msi2	Msi2
Gm13363	Gm13363
Gabarapl1	Gabarapl1
Eef1a2	Eef1a2
Uba1	Uba1
Fam163b	Fam163b
Mvb12b	Mvb12b
Got2	Got2
Scg3	Scg3
Ipo4	Ipo4
Ndrg4	Ndrg4
Srcin1	Srcin1
Armcx2	Armcx2
Lbh	Lbh
Smyd2	Smyd2
Uggt1	Uggt1
Ppip5k2	Ppip5k2
Sv2a	Sv2a
Wbp2	Wbp2
Stau2	Stau2
Rab3a	Rab3a
Clip3	Clip3
Smap1	Smap1
Atcay	Atcay
Prune2	Prune2
Polr3h	Polr3h
Zfp941	Zfp941
Impact	Impact
Pcsk1n	Pcsk1n
Pdxp	Pdxp
Rasgrf2	Rasgrf2
Bcat1	Bcat1
Celf4	Celf4
Slc6a17	Slc6a17
Nova1	Nova1
Gnb1	Gnb1
Cend1	Cend1
Pten	Pten
Gm6682	Gm6682
Cep170b	Cep170b
Hdac6	Hdac6
Syp	Syp
Fam3c	Fam3c
Steap2	Steap2
Pink1	Pink1
Apba1	Apba1
Fam149a	Fam149a
Atp6v0e2	Atp6v0e2
Rnf14	Rnf14
Oxct1	Oxct1
Cxxc4	Cxxc4
Rps26	Rps26
Mcm6	Mcm6
Atp6v0c-ps2	Atp6v0c-ps2
Vamp2	Vamp2
Slc2a3	Slc2a3
Ppm1h	Ppm1h
Rcn2	Rcn2
Nipal2	Nipal2
Bex1	Bex1
Ide	Ide
Impdh1	Impdh1
Alg2	Alg2
Sorbs1	Sorbs1
Grb10	Grb10
Rab6b	Rab6b
Rusc1	Rusc1
Aktip	Aktip
Gdap1	Gdap1
Uri1	Uri1
Fbxo9	Fbxo9
Capn2	Capn2
Slc25a46	Slc25a46
Fam168b	Fam168b
Glud1	Glud1
2900056M20Rik	2900056M20Rik
Tceal5	Tceal5
Mbtps2	Mbtps2
Purb	Purb
Trove2	Trove2
Sipa1l2	Sipa1l2
Reep5	Reep5
Bcar1	Bcar1
Clstn3	Clstn3
Rtca	Rtca
Azin1	Azin1
Slc23a2	Slc23a2
Atp6v1a	Atp6v1a
Pcgf2	Pcgf2
Ywhag	Ywhag
Elovl4	Elovl4
Snx15	Snx15
Mepce	Mepce
Rnd3	Rnd3
Eif2s3x	Eif2s3x
Eif4g2	Eif4g2
Ube2e1	Ube2e1
Tmem55b	Tmem55b
Gria4	Gria4
Scai	Scai
Rps27a	Rps27a
Ubc	Ubc
Sgpp1	Sgpp1
Rnf187	Rnf187
Slc45a4	Slc45a4
Snurf	Snurf
Chst10	Chst10
Mfn2	Mfn2
Thbs2	Thbs2
Peg13	Peg13
Sqstm1	Sqstm1
Usp32	Usp32
Setd7	Setd7
Ankrd50	Ankrd50
Map3k9	Map3k9
Cltc	Cltc
Snx16	Snx16
Epb4.1l1	Epb4.1l1
A330050F15Rik	A330050F15Rik
Osbpl3	Osbpl3
Csk	Csk
Rab21	Rab21
Rps6ka6	Rps6ka6
Chchd10	Chchd10
Col26a1	Col26a1
Auh	Auh
Gnl3l	Gnl3l
Clasrp	Clasrp
Xpr1	Xpr1
Zfp811	Zfp811
Dirc2	Dirc2
Cacnb4	Cacnb4
Kcnab3	Kcnab3
Anxa7	Anxa7
Coprs	Coprs
Igsf3	Igsf3
Gm20300	Gm20300
Uba6	Uba6
Abcd2	Abcd2
Rgs17	Rgs17
Tnfaip1	Tnfaip1
Abcb7	Abcb7
Tet1	Tet1
Tspan3	Tspan3
Usp22	Usp22
Hipk1	Hipk1
Fam73a	Fam73a
Maf	Maf
Ndufaf6	Ndufaf6
Cacng2	Cacng2
Btbd1	Btbd1
Hivep1	Hivep1
Magi1	Magi1
Acly	Acly
Aplp2	Aplp2
Tsc22d3	Tsc22d3
Bend6	Bend6
Crlf2	Crlf2
Tmem238	Tmem238
Arl4c	Arl4c
Cul4b	Cul4b
Dlat	Dlat
Zfp385b	Zfp385b
Flywch2	Flywch2
Mgll	Mgll
2310057M21Rik	2310057M21Rik
Scrt1	Scrt1
Trnp1	Trnp1
Rmnd5a	Rmnd5a
2010107G23Rik	2010107G23Rik
Lars2	Lars2
Fbxo28	Fbxo28
Nrip3	Nrip3
Efr3b	Efr3b
Aldoart1	Aldoart1
Dmap1	Dmap1
Slc2a13	Slc2a13
Gpr162	Gpr162
Tmem56	Tmem56
Ubash3b	Ubash3b
2310003H01Rik	2310003H01Rik
Ttc39b	Ttc39b
Ap2a1	Ap2a1
Kcnq5	Kcnq5
Rpl9	Rpl9
Tfcp2	Tfcp2
Dhrs11	Dhrs11
Col14a1	Col14a1
Sp8	Sp8
Cxcl5	Cxcl5
Rgs10	Rgs10
Myh8	Myh8
Pnoc	Pnoc
Snx7	Snx7
Znhit1	Znhit1
Olfr920	Olfr920
Baiap2l2	Baiap2l2
Hhat	Hhat
Vwa5a	Vwa5a
Cpne4	Cpne4
Cidea	Cidea
Gm5607	Gm5607
Mrgpre	Mrgpre
Unc5d	Unc5d
Trh	Trh
Slc35d3	Slc35d3
Ptchd4	Ptchd4
Kcnc4	Kcnc4
Mtss1	Mtss1
Sae1	Sae1
Sox1	Sox1
Gipc2	Gipc2
Gal	Gal
Lrp8	Lrp8
Mcf2	Mcf2
Diras1	Diras1
Ppp1r2	Ppp1r2
Gm14204	Gm14204
Tox3	Tox3
Alk	Alk
Fam46a	Fam46a
Pvrl2	Pvrl2
Grem2	Grem2
Fam98a	Fam98a
Tex9	Tex9
Fmo1	Fmo1
Mpdz	Mpdz
Asph	Asph
Lrrc4	Lrrc4
Zfp9	Zfp9
Tbc1d30	Tbc1d30
Atat1	Atat1
Vps33a	Vps33a
Sv2c	Sv2c
Lats2	Lats2
Sema5a	Sema5a
Ptchd2	Ptchd2
Kcns3	Kcns3
Crispld1	Crispld1
Zfp362	Zfp362
Tnnt1	Tnnt1
Cyb561	Cyb561
Sp9	Sp9
Pknox2	Pknox2
Atf5	Atf5
Ppat	Ppat
Arhgef6	Arhgef6
Prr24	Prr24
Slc6a1	Slc6a1
Rora	Rora
Gpcpd1	Gpcpd1
Gpr158	Gpr158
Cadps	Cadps
Lrrtm3	Lrrtm3
Rnf38	Rnf38
Rgmb	Rgmb
Nmbr	Nmbr
Afap1	Afap1
Rnf207	Rnf207
Pigu	Pigu
Ttbk2	Ttbk2
Srgap1	Srgap1
Atg9b	Atg9b
Zc3h12c	Zc3h12c
6030419C18Rik	6030419C18Rik
Cntn5	Cntn5
Mycn	Mycn
Tmem25	Tmem25
Cenpp	Cenpp
Fgf9	Fgf9
Ptprm	Ptprm
Pld5	Pld5
Ogfrl1	Ogfrl1
Hrh3	Hrh3
Arx	Arx
Klf12	Klf12
Hapln1	Hapln1
Sp4	Sp4
Gad1	Gad1
Osbpl8	Osbpl8
Dnajc6	Dnajc6
Trpc7	Trpc7
Nacad	Nacad
Lgr5	Lgr5
Sun2	Sun2
Slc35e3	Slc35e3
Gde1	Gde1
Grip2	Grip2
Epb4.1l5	Epb4.1l5
Mctp1	Mctp1
6430548M08Rik	6430548M08Rik
Cyp2s1	Cyp2s1
Rbms1	Rbms1
Frmpd4	Frmpd4
Lmo2	Lmo2
Irs1	Irs1
Klhdc8b	Klhdc8b
Gad2	Gad2
Lgi2	Lgi2
Plcxd2	Plcxd2
Tmsb15b2	Tmsb15b2
Nrsn1	Nrsn1
B930025P03Rik	B930025P03Rik
Dner	Dner
Garnl3	Garnl3
Nmnat2	Nmnat2
A830018L16Rik	A830018L16Rik
Prps2	Prps2
Chml	Chml
Cks1b	Cks1b
Trim66	Trim66
Cgn	Cgn
Tmem65	Tmem65
Tmem151b	Tmem151b
Lrp12	Lrp12
Grsf1	Grsf1
Prkaa2	Prkaa2
Slc39a6	Slc39a6
Gabrb2	Gabrb2
Tspan7	Tspan7
Lrrtm2	Lrrtm2
Gabra1	Gabra1
Prune	Prune
Rnf152	Rnf152
Adra1a	Adra1a
Zmat4	Zmat4
Mapk8	Mapk8
Sgk1	Sgk1
Slc30a4	Slc30a4
Dock3	Dock3
Grik1	Grik1
Gpr12	Gpr12
Spock3	Spock3
Mkrn3	Mkrn3
Ndnf	Ndnf
Ssbp2	Ssbp2
Pogk	Pogk
Reln	Reln
Spock1	Spock1
Ptprt	Ptprt
Ntn1	Ntn1
Vcan	Vcan
Th	Th
Ecel1	Ecel1
Tekt5	Tekt5
Slc5a7	Slc5a7
Npy	Npy
Tacr1	Tacr1
Chodl	Chodl
2010001M06Rik	2010001M06Rik
Gpr126	Gpr126
Emb	Emb
Resp18	Resp18
Crhbp	Crhbp
Stard5	Stard5
Cort	Cort
Zfp954	Zfp954
Hist1h2ap_loc1	Hist1h2ap_loc1
Unc13c	Unc13c
Slc5a5	Slc5a5
Lrpap1	Lrpap1
Sst	Sst
Rbp4	Rbp4
Lypd6	Lypd6
Rab3b	Rab3b
Tsix	Tsix
Dnajc28	Dnajc28
Zwint	Zwint
Fuom	Fuom
Cryl1	Cryl1
Kcnmb2	Kcnmb2
Oprk1	Oprk1
Ankrd34b	Ankrd34b
Stmn3	Stmn3
Nek7	Nek7
Ndufa4	Ndufa4
Stac2	Stac2
Cacna2d2	Cacna2d2
Ifit2	Ifit2
Kcnc2	Kcnc2
Klhdc9	Klhdc9
Bfsp1	Bfsp1
Tac1	Tac1
Stk32a	Stk32a
Lrrc38	Lrrc38
Gna14	Gna14
Akr1c18	Akr1c18
Relt	Relt
Gm4980	Gm4980
Mme	Mme
I830012O16Rik	I830012O16Rik
Mkx	Mkx
Zfp558	Zfp558
Nxph1	Nxph1
A030009H04Rik	A030009H04Rik
Nap1l2	Nap1l2
Cdh13	Cdh13
Nppc	Nppc
AI413582	AI413582
Olfm3	Olfm3
Rxfp3	Rxfp3
Trpc6	Trpc6
Elfn1	Elfn1
Pappa	Pappa
LOC100861615	LOC100861615
Lhx6	Lhx6
Kctd8	Kctd8
Mstn	Mstn
Lypd6b	Lypd6b
AW551984	AW551984
Tmem132c	Tmem132c
Sla	Sla
Sox6	Sox6
Mrap2	Mrap2
Nxph2	Nxph2
Moxd1	Moxd1
Timm8a1	Timm8a1
Pvalb	Pvalb
Snora30	Snora30
Tuba8	Tuba8
Gadd45g	Gadd45g
Inadl_loc1	Inadl_loc1
Klhl14	Klhl14
Gys2	Gys2
4930426D05Rik	4930426D05Rik
Wnt7a	Wnt7a
B230216G23Rik	B230216G23Rik
Gm5868	Gm5868
Cpne5	Cpne5
Rarres1	Rarres1
Slc10a4	Slc10a4
Cntnap3	Cntnap3
Tmem91	Tmem91
Crabp1	Crabp1
Neb	Neb
Zfp442	Zfp442
Htr2c	Htr2c
Ppil1	Ppil1
Tamm41	Tamm41
Slc7a3	Slc7a3
Cenph	Cenph
Ap1s2	Ap1s2
Pnck	Pnck
Hmgn2	Hmgn2
Serpini1	Serpini1
C1ql1	C1ql1
Dusp26	Dusp26
Gm14436	Gm14436
Rps4y2	Rps4y2
Selm	Selm
Stk32b	Stk32b
Gtpbp8	Gtpbp8
1110038B12Rik	1110038B12Rik
G0s2	G0s2
Akr1e1	Akr1e1
Sumo1	Sumo1
Rwdd3	Rwdd3
Smim18	Smim18
Rpl7	Rpl7
Bex4	Bex4
Bnip3	Bnip3
Gm14305	Gm14305
Pcbd1	Pcbd1
OTTMUSG00000016609_loc4	OTTMUSG00000016609_loc4
Glrx	Glrx
Pafah1b3	Pafah1b3
Synpr	Synpr
Lnx1	Lnx1
Qpct	Qpct
OTTMUSG00000016609_loc3	OTTMUSG00000016609_loc3
Dynlrb1	Dynlrb1
Zcchc12	Zcchc12
Ndufv3	Ndufv3
Ccdc28a	Ccdc28a
Cdk5rap1	Cdk5rap1
Ggact	Ggact
Gstm5	Gstm5
Acadm	Acadm
Fxyd6	Fxyd6
Prmt2	Prmt2
Prpf38a	Prpf38a
Commd6	Commd6
Hnmt	Hnmt
2900011O08Rik	2900011O08Rik
Snx6	Snx6
Psmd10	Psmd10
Tmem41a	Tmem41a
Gm15421	Gm15421
Mospd1	Mospd1
Ndufa5	Ndufa5
Cox7b	Cox7b
Zfp931	Zfp931
Rnasek	Rnasek
Cacybp	Cacybp
Uqcrh	Uqcrh
Hcfc1r1	Hcfc1r1
Tmsb15l	Tmsb15l
1110032A03Rik	1110032A03Rik
Sms	Sms
Ndufb10	Ndufb10
Araf	Araf
Eif4a2	Eif4a2
Ndufa8	Ndufa8
Atp5j2	Atp5j2
Tango2	Tango2
1700037H04Rik	1700037H04Rik
Ndufab1	Ndufab1
Ldhb	Ldhb
Atp5f1	Atp5f1
Ndufa13	Ndufa13
Uqcrc2	Uqcrc2
Ndufv2	Ndufv2
Hprt	Hprt
Atp5j	Atp5j
Ddt	Ddt
Fkbp3	Fkbp3
Ndufa11	Ndufa11
Ndufa6	Ndufa6
Atp6v1f	Atp6v1f
Ndufb9	Ndufb9
Pml	Pml
Smim4	Smim4
Gm5643_loc2	Gm5643_loc2
Ngfrap1	Ngfrap1
Wbp5	Wbp5
Nop10	Nop10
Akr1a1	Akr1a1
Mdh1	Mdh1
Vdac3	Vdac3
Mxra7	Mxra7
Tspan6	Tspan6
BC002163_loc2	BC002163_loc2
Otub1	Otub1
Sod1	Sod1
Hars	Hars
BC002163_loc1	BC002163_loc1
Psmb5	Psmb5
Ndufb5	Ndufb5
Hspe1	Hspe1
Gpx4	Gpx4
Cox4i1	Cox4i1
Sncg	Sncg
Pagr1a	Pagr1a
Npm1	Npm1
Ndufb6	Ndufb6
Myl12b	Myl12b
Idh3b	Idh3b
Hint1	Hint1
Gpi1	Gpi1
Atp6v1e1	Atp6v1e1
Cct8	Cct8
Uchl1	Uchl1
Mtfr1l	Mtfr1l
Pts	Pts
Sucla2	Sucla2
Tmx2	Tmx2
Fabp3	Fabp3
Atp5h	Atp5h
Rnd2	Rnd2
Gm14326	Gm14326
Pdhb	Pdhb
Ppa1	Ppa1
Gm5506_loc1	Gm5506_loc1
Gabarapl2	Gabarapl2
Atp5g3	Atp5g3
Acot7	Acot7
Pdha1	Pdha1
Got1	Got1
Tuba1b	Tuba1b
Slc25a4	Slc25a4
2700097O09Rik	2700097O09Rik
Haus8	Haus8
Pkib	Pkib
S100a10	S100a10
Chchd2	Chchd2
Asns	Asns
Idh3a	Idh3a
Atp5b	Atp5b
Prdx2	Prdx2
Nudt19	Nudt19
Ckb	Ckb
Morf4l2	Morf4l2
Tubb2a	Tubb2a
Pja1	Pja1
Tuba1a	Tuba1a
Stmn2	Stmn2
5330434G04Rik	5330434G04Rik
Vipas39	Vipas39
Ndfip1	Ndfip1
Snap47	Snap47
Ran	Ran
Ndufs3	Ndufs3
Chga	Chga
Atp6v1c1	Atp6v1c1
Atp6ap2	Atp6ap2
Skp1a	Skp1a
Tubb3	Tubb3
Gpr123	Gpr123
Ppp2r1a	Ppp2r1a
Mansc4	Mansc4
Snhg5	Snhg5
Tmem35	Tmem35
Taf9b	Taf9b
Nck1	Nck1
C1galt1c1	C1galt1c1
Usp29	Usp29
Epb4.1l4a	Epb4.1l4a
Gprasp2	Gprasp2
Strip2	Strip2
Rwdd2b	Rwdd2b
Pfkm	Pfkm
Cyb561d2	Cyb561d2
Pcdhb3	Pcdhb3
Necap1	Necap1
Vstm2a	Vstm2a
Gltpd1	Gltpd1
Ccnh	Ccnh
Clu	Clu
Cst3	Cst3
Rabepk	Rabepk
Sln	Sln
Col25a1	Col25a1
Gm13629	Gm13629
Ubb	Ubb
Copg1	Copg1
Dynlt3	Dynlt3
Cgref1	Cgref1
Mdh2	Mdh2
Slc25a11	Slc25a11
Gm6710_loc1	Gm6710_loc1
Atp6v1h	Atp6v1h
Ndufa12	Ndufa12
Pacrg	Pacrg
Pgk1	Pgk1
Usp14	Usp14
Oxr1	Oxr1
Ascc1	Ascc1
Ankrd29	Ankrd29
1110008J03Rik	1110008J03Rik
Ube2v2	Ube2v2
Atp5a1	Atp5a1
Tpgs2	Tpgs2
Emc4	Emc4
1500009L16Rik	1500009L16Rik
Plekhb2	Plekhb2
Acot13	Acot13
Atp5o	Atp5o
Cox5b	Cox5b
Dctn3	Dctn3
Dnajb4	Dnajb4
Ghitm	Ghitm
Uqcrq	Uqcrq
Cygb	Cygb
Nit2	Nit2
Atp5g1	Atp5g1
Uqcrfs1	Uqcrfs1
Uqcrc1	Uqcrc1
Romo1	Romo1
Clmp	Clmp
Atp5d	Atp5d
Nars	Nars
Ndufa10	Ndufa10
Itgb3bp	Itgb3bp
Ndufb8	Ndufb8
Slc25a12	Slc25a12
A530058N18Rik	A530058N18Rik
Hbegf	Hbegf
Nudcd1	Nudcd1
Fstl5	Fstl5
Myh13	Myh13
Slbp	Slbp
Elmo1	Elmo1
Moap1	Moap1
Smyd3	Smyd3
Calcb	Calcb
A330076H08Rik	A330076H08Rik
Cox6a1	Cox6a1
Ndufb2	Ndufb2
Cox5a	Cox5a
Glo1	Glo1
Ass1	Ass1
Mpi	Mpi
Tmtc2	Tmtc2
Fdps	Fdps
Slc35g2	Slc35g2
Mcu	Mcu
Psmc3ip	Psmc3ip
Grhl3	Grhl3
Syt6	Syt6
Optn	Optn
Trp53i11	Trp53i11
Col19a1	Col19a1
Cntnap4	Cntnap4
Dlx5	Dlx5
Lrrtm4	Lrrtm4
Necab2	Necab2
Wif1	Wif1
Rrp8	Rrp8
Syndig1l	Syndig1l
Stk32c	Stk32c
Eps8	Eps8
Pde5a	Pde5a
Cd24a	Cd24a
Slc17a8	Slc17a8
Frem1	Frem1
Prok2	Prok2
Snx31	Snx31
Krt73	Krt73
Cryba2	Cryba2
Gldn	Gldn
Crh	Crh
Vip	Vip
Pthlh	Pthlh
Cplx3	Cplx3
Cox6a2	Cox6a2
Atad2	Atad2
Tmem44	Tmem44
Lamc2	Lamc2
Best1	Best1
Hkdc1	Hkdc1
Boc	Boc
Tnnc1	Tnnc1
C030013G03Rik	C030013G03Rik
Krt12	Krt12
Cited1	Cited1
Nr1d1	Nr1d1
Plxnd1	Plxnd1
Susd5	Susd5
A430035B10Rik	A430035B10Rik
Pou3f2	Pou3f2
Cdh6	Cdh6
Mybl1	Mybl1
Kcnh5	Kcnh5
Barx2	Barx2
Ovol2	Ovol2
Gpr88	Gpr88
Shisa3	Shisa3
Rassf3	Rassf3
Ccl27a_loc2	Ccl27a_loc2
Tmem132d	Tmem132d
Cpne9	Cpne9
Exph5	Exph5
Ccdc157	Ccdc157
Cux1	Cux1
Medag	Medag
D1Ertd622e	D1Ertd622e
Tmem107	Tmem107
BB557941	BB557941
Gtdc1	Gtdc1
Kcnj9	Kcnj9
Pik3r1	Pik3r1
Ccl19_loc2	Ccl19_loc2
Ccl19_loc1	Ccl19_loc1
Hecw2	Hecw2
Acot10	Acot10
Nasp	Nasp
Fhod3	Fhod3
Sac3d1	Sac3d1
Coch	Coch
Negr1	Negr1
Slit2	Slit2
Gm3893	Gm3893
Hecw1	Hecw1
Atp2b2	Atp2b2
Arpp19	Arpp19
Mef2c	Mef2c
Golga7b	Golga7b
Gabrd	Gabrd
Efna5	Efna5
Osbpl1a	Osbpl1a
Atp1a1	Atp1a1
Nrep	Nrep
Kcnh1	Kcnh1
Pmepa1	Pmepa1
Kcnj11	Kcnj11
Pak7	Pak7
Zdhhc8	Zdhhc8
Kcnb1	Kcnb1
Pla2g4e	Pla2g4e
Tshz3	Tshz3
Asap1	Asap1
Ccdc3	Ccdc3
Klf6	Klf6
Numb	Numb
Camk4	Camk4
Chchd6	Chchd6
Grm2	Grm2
Adcyap1	Adcyap1
Zbtb34	Zbtb34
Ttyh1	Ttyh1
Rap1gap2	Rap1gap2
Stx1a	Stx1a
Fxyd7	Fxyd7
Gm16701	Gm16701
Gp1bb	Gp1bb
Ehbp1l1	Ehbp1l1
Actr1b	Actr1b
Adap1	Adap1
Strbp	Strbp
Camk2g	Camk2g
Dusp3	Dusp3
Scube1	Scube1
Coro2a	Coro2a
Nlk	Nlk
Ptgfrn	Ptgfrn
Prkacb	Prkacb
Satb1	Satb1
Dclk1	Dclk1
Tiam2	Tiam2
Vsnl1	Vsnl1
Fam131b	Fam131b
Fgf14	Fgf14
Car10	Car10
1110008P14Rik	1110008P14Rik
Sowahb	Sowahb
Mark1	Mark1
Rnf144a	Rnf144a
Hlf	Hlf
Mapk6	Mapk6
Dpp10	Dpp10
Cpped1	Cpped1
Slc25a37	Slc25a37
Rasgef1c	Rasgef1c
Soga2	Soga2
E130012A19Rik	E130012A19Rik
Cabp1	Cabp1
Ngef	Ngef
Lsm11	Lsm11
Pcdh7	Pcdh7
Ptchd1	Ptchd1
Mansc1	Mansc1
Mapk11	Mapk11
Lmcd1	Lmcd1
Atp6v1e2	Atp6v1e2
Sox4	Sox4
BC048546	BC048546
Map3k10	Map3k10
Cobl	Cobl
Net1	Net1
Arhgap10	Arhgap10
Car15	Car15
Fst	Fst
Dusp14	Dusp14
Lingo2	Lingo2
Cbln4	Cbln4
Sestd1	Sestd1
Fjx1	Fjx1
Qrfpr	Qrfpr
Cdk2ap1	Cdk2ap1
Marc2	Marc2
Cul9	Cul9
Tmem108	Tmem108
Gpr52	Gpr52
Man1c1	Man1c1
Kcnf1	Kcnf1
3110047P20Rik	3110047P20Rik
Pdzrn3	Pdzrn3
Npnt	Npnt
Dclk3	Dclk3
Cdc42ep3	Cdc42ep3
Otof	Otof
Pvrl3	Pvrl3
Hpcal1	Hpcal1
Neurog2	Neurog2
Sema3a	Sema3a
Prkg2	Prkg2
Pdp1	Pdp1
Tcf19	Tcf19
Rnd1	Rnd1
Stard8	Stard8
Vopp1	Vopp1
Abi3bp	Abi3bp
Ap1s3	Ap1s3
Abcb9	Abcb9
Dact2	Dact2
Robo3	Robo3
Frzb	Frzb
Cux2	Cux2
Camk2n1	Camk2n1
Gsg1l	Gsg1l
Tmem215	Tmem215
Igfn1	Igfn1
Sstr1	Sstr1
Mapk12	Mapk12
Slc17a6	Slc17a6
Cartpt	Cartpt
Brinp3	Brinp3
Trhde	Trhde
Hspb3	Hspb3
C730002L08Rik	C730002L08Rik
Gm20063	Gm20063
Gucy1a3	Gucy1a3
A830009L08Rik	A830009L08Rik
B230216N24Rik	B230216N24Rik
Lamp5	Lamp5
Plk5	Plk5
Gm10421	Gm10421
Atp6ap1l	Atp6ap1l
Il1rapl1	Il1rapl1
Klhl1	Klhl1
Nuggc	Nuggc
Cbln1	Cbln1
Pmfbp1	Pmfbp1
Trhr	Trhr
Vwc2l	Vwc2l
Sema5b	Sema5b
Ly6g6e	Ly6g6e
Arhgap44	Arhgap44
Prss12	Prss12
Drd1a	Drd1a
Susd2	Susd2
Tshz2	Tshz2
Tox	Tox
Grm8	Grm8
Kremen1	Kremen1
Grik3	Grik3
Pcsk5	Pcsk5
Trpv6	Trpv6
Slc1a2	Slc1a2
Nxph4	Nxph4
Ncald	Ncald
Tle4	Tle4
Pamr1	Pamr1
Tmem40	Tmem40
Nxph3	Nxph3
Kcnmb4	Kcnmb4
Pappa2	Pappa2
Efhc2	Efhc2
Col5a1	Col5a1
Tpbg	Tpbg
Blnk	Blnk
Gm13305_loc1	Gm13305_loc1
Hs3st2	Hs3st2
Htr1f	Htr1f
Grm3	Grm3
Myl4	Myl4
Aldh3a1	Aldh3a1
Plxdc1	Plxdc1
Pcdh11x	Pcdh11x
B3galt2	B3galt2
Gm13308_loc4	Gm13308_loc4
Epb4.1	Epb4.1
Kcna1	Kcna1
Rprm	Rprm
Gm11549	Gm11549
Map3k5	Map3k5
Kcnip3	Kcnip3
Lsp1	Lsp1
Sulf1	Sulf1
Arhgap25	Arhgap25
Ramp3	Ramp3
Gm13298_loc1	Gm13298_loc1
LOC100861978_loc4	LOC100861978_loc4
Ly6d	Ly6d
Sox5	Sox5
Ttc9b	Ttc9b
Chgb	Chgb
Pcp4	Pcp4
Necab3	Necab3
Trabd2b	Trabd2b
Ipcef1	Ipcef1
Adcy1	Adcy1
Fut9	Fut9
Tbr1	Tbr1
Foxp2	Foxp2
Pcdh10	Pcdh10
Ppp1r1b	Ppp1r1b
Slc4a10	Slc4a10
Atp2b4	Atp2b4
Opn3	Opn3
Cckbr	Cckbr
Col6a1	Col6a1
Lrrc55	Lrrc55
Mt3	Mt3
Ankrd42	Ankrd42
Tnmd	Tnmd
Doc2a	Doc2a
Chrm2	Chrm2
Plp2	Plp2
Gfra2	Gfra2
Gabra3	Gabra3
Rxfp2	Rxfp2
Dtl	Dtl
Plcxd3	Plcxd3
Pcsk2	Pcsk2
H2afz	H2afz
Ubl5	Ubl5
Timm8b	Timm8b
Dkkl1	Dkkl1
Kifap3	Kifap3
Vps29	Vps29
Cd302	Cd302
Snap25	Snap25
Calm1	Calm1
4933409K07Rik_loc3	4933409K07Rik_loc3
Deb1	Deb1
Nkiras1	Nkiras1
Ppia	Ppia
Thrsp	Thrsp
Txn1	Txn1
Ly6e	Ly6e
Nap1l1	Nap1l1
Rab33a	Rab33a
Egfl7	Egfl7
Grcc10	Grcc10
Avpi1	Avpi1
Mien1	Mien1
Tubb5	Tubb5
Rps28	Rps28
Rps24	Rps24
Cenpw	Cenpw
Rps15a-ps4	Rps15a-ps4
Evi5	Evi5
Ccs	Ccs
Rpl32	Rpl32
Rps20	Rps20
Rplp1	Rplp1
Sumo2	Sumo2
Rpl39	Rpl39
Polr2l	Polr2l
Rps29	Rps29
Uxt	Uxt
Tagln3	Tagln3
Cox8a	Cox8a
Mgst3	Mgst3
Vmp1	Vmp1
Pfkp	Pfkp
Tma16	Tma16
Gm7977	Gm7977
Tomm7	Tomm7
Dok5	Dok5
Tpi1	Tpi1
Atp5l	Atp5l
Atp5e	Atp5e
Mif	Mif
Pld3	Pld3
Atp5k	Atp5k
Cox7c	Cox7c
Cox6b1	Cox6b1
Cox7a2	Cox7a2
Usmg5	Usmg5
Cox6c	Cox6c
Atp6v1d	Atp6v1d
Nedd8	Nedd8
Atpif1	Atpif1
Atp5c1	Atp5c1
Scg5	Scg5
Ndufb4	Ndufb4
Ube2w	Ube2w
Hn1	Hn1
Dnajc15	Dnajc15
Uqcr10	Uqcr10
Nme1	Nme1
Ndufc1	Ndufc1
Cycs	Cycs
2010107E04Rik	2010107E04Rik
Ndufa1	Ndufa1
Omg	Omg
Prdx5	Prdx5
Tusc3	Tusc3
Acta1	Acta1
Uqcr11	Uqcr11
Higd1a	Higd1a
Tuba4a	Tuba4a
Id2	Id2
Tubb4b	Tubb4b
Vti1b	Vti1b
Ccl27a_loc1	Ccl27a_loc1
Mup5	Mup5
Tmem97	Tmem97
Sgcz	Sgcz
Sstr2	Sstr2
Nme5	Nme5
5530601H04Rik	5530601H04Rik
Syt10	Syt10
Csgalnact1	Csgalnact1
Cbfa2t3	Cbfa2t3
Rabl2	Rabl2
Ano8	Ano8
Ncor2	Ncor2
Nrxn1	Nrxn1
Celsr2	Celsr2
Sidt1	Sidt1
Flrt1	Flrt1
Chd5	Chd5
Ppp1r12b	Ppp1r12b
Tmem132a	Tmem132a
Rreb1	Rreb1
Rtn4r	Rtn4r
Rbfox2	Rbfox2
Sgsm2	Sgsm2
Pitpnm2	Pitpnm2
Slc8a2	Slc8a2
D430041D05Rik	D430041D05Rik
Cacna1a	Cacna1a
Npcd	Npcd
Lphn1	Lphn1
Chst1	Chst1
Nrxn2	Nrxn2
Dtx4	Dtx4
Anks6	Anks6
Ptpdc1	Ptpdc1
Ppargc1b	Ppargc1b
Spopl	Spopl
Bmp1	Bmp1
Fam60a	Fam60a
Sox12	Sox12
Zfp335	Zfp335
Klhl17	Klhl17
Ccdc39	Ccdc39
Kansl1	Kansl1
C230091D08Rik	C230091D08Rik
Gm16523	Gm16523
Sox11	Sox11
E330033B04Rik	E330033B04Rik
A230073K19Rik	A230073K19Rik
6330415B21Rik	6330415B21Rik
Kcnq2	Kcnq2
Snhg11	Snhg11
Miat	Miat
Kcnq1ot1	Kcnq1ot1
Dgkq	Dgkq
Pisd-ps3	Pisd-ps3
5031426D15Rik	5031426D15Rik
Tbrg3	Tbrg3
Gtf3c1	Gtf3c1
Fbn2	Fbn2
Atp6v0a1	Atp6v0a1
Zfhx2	Zfhx2
Pcdhb7	Pcdhb7
Dzip1	Dzip1
Trank1	Trank1
Flna	Flna
Zbtb16	Zbtb16
Ccnl1	Ccnl1
Runx2	Runx2
Peli1	Peli1
Zdhhc23	Zdhhc23
Plch2	Plch2
Akap13	Akap13
Zbed6	Zbed6
Fam193b	Fam193b
Arglu1	Arglu1
Ryr2	Ryr2
Akap8l	Akap8l
Meg3	Meg3
BC024386	BC024386
Srrm2	Srrm2
Luc7l3	Luc7l3
Gm20172	Gm20172
Spock2	Spock2
Chd3	Chd3
Bcl9	Bcl9
Cacna1e	Cacna1e
Lrriq1	Lrriq1
4933412O06Rik	4933412O06Rik
Nckap5	Nckap5
A230057D06Rik	A230057D06Rik
Pou2f2	Pou2f2
Hap1	Hap1
Cpne7	Cpne7
Rab26	Rab26
Timp2	Timp2
Wdr6	Wdr6
Kctd4	Kctd4
Nov	Nov
Ntng1	Ntng1
Crtac1	Crtac1
Ak5	Ak5
Grin3a	Grin3a
Nnat	Nnat
Grp	Grp
Syn2	Syn2
Cadm1	Cadm1
Pea15a	Pea15a
Tgfb2	Tgfb2
Calb1	Calb1
Chl1	Chl1
Sv2b	Sv2b
Rspo3	Rspo3
Etv1	Etv1
Car12	Car12
Rspo2	Rspo2
Islr2	Islr2
Bhlhe22	Bhlhe22
Parm1	Parm1
Serpina3n	Serpina3n
Ctxn2	Ctxn2
Cnih3	Cnih3
Gap43	Gap43
Cpne2	Cpne2
Megf11	Megf11
Vstm2b	Vstm2b
Arhgef28	Arhgef28
Syt17	Syt17
Kit	Kit
Hpcal4	Hpcal4
Ttc3	Ttc3
Gm10664	Gm10664
Slc7a4	Slc7a4
Slc6a15	Slc6a15
Cplx2	Cplx2
Gm5506_loc2	Gm5506_loc2
Galnt9	Galnt9
Pde1a	Pde1a
Caln1	Caln1
Gda	Gda
Myo5b	Myo5b
Oxtr	Oxtr
2010204K13Rik	2010204K13Rik
Tesc	Tesc
Lmo4	Lmo4
Snx10	Snx10
Adcy6	Adcy6
Ppfibp1	Ppfibp1
Nrsn2	Nrsn2
Plxnc1	Plxnc1
Eno2	Eno2
Cpne6	Cpne6
Ywhah	Ywhah
Nsf	Nsf
Gdi1	Gdi1
Grm1	Grm1
Pfkfb2	Pfkfb2
Dpysl3	Dpysl3
Fhl1	Fhl1
Dcaf12l1	Dcaf12l1
Efr3a	Efr3a
Map2k1	Map2k1
Tro	Tro
G3bp2	G3bp2
Mapkapk2	Mapkapk2
Lrpprc	Lrpprc
Ldb2	Ldb2
Lrrn3	Lrrn3
Psd3	Psd3
Ncoa7	Ncoa7
Pak3	Pak3
Slc39a10	Slc39a10
Mtfp1	Mtfp1
Arl6ip1	Arl6ip1
Pgrmc1	Pgrmc1
Snph	Snph
Ptbp2	Ptbp2
1700001L19Rik	1700001L19Rik
Spon1	Spon1
Ctnnb1	Ctnnb1
Ap2s1	Ap2s1
Ahi1	Ahi1
Crym	Crym
Ap1s1	Ap1s1
Atp6v1g2	Atp6v1g2
Hsp90aa1	Hsp90aa1
Ankrd6	Ankrd6
Ccnd2	Ccnd2
Nfix	Nfix
Pak1	Pak1
Tmod2	Tmod2
Clta	Clta
Lin7a	Lin7a
Napb	Napb
Sh3gl2	Sh3gl2
Tceal6	Tceal6
Rnf112	Rnf112
Dync1i1	Dync1i1
Ywhaq	Ywhaq
Ly6h	Ly6h
Ppp2r2b	Ppp2r2b
Atxn7l3b	Atxn7l3b
Ckmt1	Ckmt1
Serinc1	Serinc1
Ilkap	Ilkap
Gne	Gne
Tmem237	Tmem237
D10Jhu81e	D10Jhu81e
Matk	Matk
Rsph9	Rsph9
Blcap	Blcap
Mgat4c	Mgat4c
Rwdd2a	Rwdd2a
Zcchc18	Zcchc18
Zfp64	Zfp64
Ift80	Ift80
Met	Met
Il34	Il34
Sparcl1	Sparcl1
Cog7	Cog7
Fstl1	Fstl1
Hsp90ab1	Hsp90ab1
Snca	Snca
Fdx1	Fdx1
Kctd10	Kctd10
Btbd10	Btbd10
Slc1a1	Slc1a1
Fam115a	Fam115a
Gpr22	Gpr22
Dsel	Dsel
Pm20d2	Pm20d2
Papolg	Papolg
Aqp11	Aqp11
Dgcr8	Dgcr8
Nabp1	Nabp1
Cox18	Cox18
Ntm	Ntm
Tsnax	Tsnax
Atxn10	Atxn10
Cnrip1	Cnrip1
Pola1	Pola1
Rerg	Rerg
Fbxw2	Fbxw2
Aph1b	Aph1b
Itga8	Itga8
Gng7	Gng7
Akap5	Akap5
Dnajc2	Dnajc2
Zrsr2	Zrsr2
Cyb5r3	Cyb5r3
Tomm70a	Tomm70a
Fbxw7	Fbxw7
Ensa	Ensa
Ywhaz	Ywhaz
Scfd2	Scfd2
9530080O11Rik	9530080O11Rik
Pex7	Pex7
Mmab	Mmab
Ccsap	Ccsap
Ralyl	Ralyl
Cyp7b1	Cyp7b1
Cd55	Cd55
Tacr3	Tacr3
Tm2d1	Tm2d1
Nudt16	Nudt16
Rgs19	Rgs19
Chchd4	Chchd4
Serpinb6a	Serpinb6a
Gabrb1	Gabrb1
Tmem59l	Tmem59l
Matr3	Matr3
Ldha	Ldha
Lhx9	Lhx9
Lig4	Lig4
Ccdc41os1	Ccdc41os1
Nkain4	Nkain4
Igfbp3	Igfbp3
Mat2b	Mat2b
Kdm1a	Kdm1a
Stk25	Stk25
Usp46	Usp46
Gatc	Gatc
N4bp3	N4bp3
Gpr173	Gpr173
Dnal4	Dnal4
Pik3r2	Pik3r2
Thoc3	Thoc3
Rgs2	Rgs2
Sh3bp5	Sh3bp5
Rab9b	Rab9b
Ptov1	Ptov1
Pfkl	Pfkl
Ola1	Ola1
Zpld1	Zpld1
Zik1	Zik1
Prokr2	Prokr2
Fam105a	Fam105a
Klf10	Klf10
Kcnv1	Kcnv1
Bzw2	Bzw2
Uevld	Uevld
Tmem231	Tmem231
Rn4.5s_loc9	Rn4.5s_loc9
Npy5r	Npy5r
Golm1	Golm1
Txlng	Txlng
Hmgcr	Hmgcr
Crip2	Crip2
Npy2r	Npy2r
2610008E11Rik	2610008E11Rik
Ccng1	Ccng1
Gnai3	Gnai3
Rasl10a	Rasl10a
Cyb5d2	Cyb5d2
Slc35f3	Slc35f3
H2afj	H2afj
Pfn2	Pfn2
3110035E14Rik	3110035E14Rik
Ociad1	Ociad1
Actg1	Actg1
Fpgt	Fpgt
Vps37b	Vps37b
Kcnj4	Kcnj4
Igfbp6	Igfbp6
Htr5b	Htr5b
Lix1	Lix1
Sec23a	Sec23a
H3f3b	H3f3b
Heca	Heca
Slc39a11	Slc39a11
Ccdc86	Ccdc86
Tasp1	Tasp1
Cap1	Cap1
Tpd52l1	Tpd52l1
Cck	Cck
Ndrg3	Ndrg3
Actb	Actb
Gpm6a	Gpm6a
Adam12	Adam12
Camk1g	Camk1g
Rpusd3	Rpusd3
Hmgn5	Hmgn5
Orc3	Orc3
Cdo1	Cdo1
Rheb	Rheb
Pls3	Pls3
Ap2b1	Ap2b1
Rogdi	Rogdi
Mapk10	Mapk10
St6galnac5	St6galnac5
Nrn1	Nrn1
Caly	Caly
Dhdh	Dhdh
Gm1604b_loc2	Gm1604b_loc2
Pgam2	Pgam2
Gadd45b	Gadd45b
D630023F18Rik	D630023F18Rik
Pdlim7	Pdlim7
Gtl3	Gtl3
Mmd2	Mmd2
Rad51ap1	Rad51ap1
Fyco1	Fyco1
Rab27b	Rab27b
Hist2h2aa1_loc2	Hist2h2aa1_loc2
Rsu1	Rsu1
Ttc30b	Ttc30b
Dynlt1f_loc2	Dynlt1f_loc2
Dynll1	Dynll1
Sult5a1	Sult5a1
Igsf1	Igsf1
Gabra4	Gabra4
Dlg4	Dlg4
Clvs2	Clvs2
Tsc22d1	Tsc22d1
Sh3bgrl	Sh3bgrl
0610007P14Rik	0610007P14Rik
Gpm6b	Gpm6b
Gnb5	Gnb5
Ramp1	Ramp1
Gstp1	Gstp1
5730522E02Rik	5730522E02Rik
Fam212a	Fam212a
Rilpl1	Rilpl1
Matn2	Matn2
Rprml	Rprml
Lxn	Lxn
Itm2b	Itm2b
Gm10754	Gm10754
Rgs14	Rgs14
Ociad2	Ociad2
Fkbp1a	Fkbp1a
Sh3bgrl3	Sh3bgrl3
Mc4r	Mc4r
Chn1	Chn1
Calm2	Calm2
Msc	Msc
Lin7b	Lin7b
Brk1	Brk1
Palmd	Palmd
Ifi27	Ifi27
Fam26e	Fam26e
Nmt1	Nmt1
Cd34	Cd34
Fam19a1	Fam19a1
Tmod3	Tmod3
Arl1	Arl1
Fhl2	Fhl2
Gsta4	Gsta4
Capza2	Capza2
Nckap1	Nckap1
Gmpr	Gmpr
Fth1	Fth1
Cpne8	Cpne8
Sphkap	Sphkap
Naa38	Naa38
Tmsb4x	Tmsb4x
Spink8	Spink8
OTTMUSG00000016609_loc1	OTTMUSG00000016609_loc1
OTTMUSG00000016609_loc2	OTTMUSG00000016609_loc2
OTTMUSG00000016609_loc5	OTTMUSG00000016609_loc5
OTTMUSG00000016609_loc6	OTTMUSG00000016609_loc6
Actr3b	Actr3b
Abracl	Abracl
Nt5dc2	Nt5dc2
Gm6524	Gm6524
Padi4	Padi4
Pabpc4l	Pabpc4l
Col5a2	Col5a2
Dlk1	Dlk1
Lipg	Lipg
Nts	Nts
Krt2	Krt2
Dcn	Dcn
Figf	Figf
Flrt3	Flrt3
A230077H06Rik	A230077H06Rik
Poln	Poln
Acvr1c	Acvr1c
Dnah1	Dnah1
Anxa9	Anxa9
Tmem255a	Tmem255a
Baiap2l1	Baiap2l1
Dyrk3	Dyrk3
Dnah6	Dnah6
Fbxo4	Fbxo4
Ifrd1	Ifrd1
Erlin1	Erlin1
Ncoa5	Ncoa5
Ica1l	Ica1l
Nudt10	Nudt10
Cpeb1	Cpeb1
Pcgf6	Pcgf6
Birc2	Birc2
Smoc2	Smoc2
Inhbb	Inhbb
Slc15a4	Slc15a4
Cntn3	Cntn3
Ccdc85a	Ccdc85a
Zscan18	Zscan18
Nhlrc1	Nhlrc1
Zfp715	Zfp715
Noa1	Noa1
Ube2z	Ube2z
Fam20b	Fam20b
Asb7	Asb7
Ccdc148	Ccdc148
2810417H13Rik	2810417H13Rik
Pdzd4	Pdzd4
Ccna1	Ccna1
Noc4l	Noc4l
Pdf	Pdf
Mas1	Mas1
Zfp40	Zfp40
Jazf1	Jazf1
Pde4d	Pde4d
Ryr1	Ryr1
Cmtm4	Cmtm4
Rab3c	Rab3c
Gm8615	Gm8615
Frmd4a	Frmd4a
Bbs1	Bbs1
Atp8a1	Atp8a1
Map2	Map2
Zfyve28	Zfyve28
Ccdc149	Ccdc149
Epdr1	Epdr1
Ptprg	Ptprg
Spry3	Spry3
Map9	Map9
Marcksl1	Marcksl1
Sorbs2	Sorbs2
Slc22a17	Slc22a17
Cask	Cask
Tenm2	Tenm2
Unc5a	Unc5a
Ptpre	Ptpre
Donson	Donson
Smad3	Smad3
Strip1	Strip1
Npr3	Npr3
Adora1	Adora1
Ildr2	Ildr2
Ywhab	Ywhab
Adra2a	Adra2a
Furin	Furin
Thsd4	Thsd4
Slc16a2	Slc16a2
Nrp1	Nrp1
Mpped1	Mpped1
Agl	Agl
Fosl2	Fosl2
Slc6a7	Slc6a7
Kcnn2	Kcnn2
Fam65b	Fam65b
Svop	Svop
Cacna1g	Cacna1g
Mapk1	Mapk1
Sstr3	Sstr3
Pcdh8	Pcdh8
Mapk8ip1	Mapk8ip1
Dgkg	Dgkg
Prkar1a	Prkar1a
Deaf1	Deaf1
Insig2	Insig2
Jph4	Jph4
Syt4	Syt4
Fndc1	Fndc1
Hnrnpd	Hnrnpd
Chrd	Chrd
Bsn	Bsn
Zfp365	Zfp365
Rasal1	Rasal1
Efnb2	Efnb2
Madd	Madd
Ap3b2	Ap3b2
Pus7	Pus7
Grik2	Grik2
Tmem150c	Tmem150c
Ehbp1	Ehbp1
Sertm1	Sertm1
C1ql3	C1ql3
Gabra2	Gabra2
Igsf8	Igsf8
Scn2a1	Scn2a1
Lrfn4	Lrfn4
Cdh22	Cdh22
Myef2	Myef2
Arih2	Arih2
B230209E15Rik	B230209E15Rik
Ehmt1	Ehmt1
Ube2b	Ube2b
Nalcn	Nalcn
Slc25a22	Slc25a22
Ctnnd2	Ctnnd2
Zfp629	Zfp629
Arpp21	Arpp21
Wsb2	Wsb2
Fam214a	Fam214a
Tspyl3	Tspyl3
Pcdh17	Pcdh17
Mast1	Mast1
Ndst3	Ndst3
Fam81a	Fam81a
Hk1	Hk1
Nrcam	Nrcam
Smarca1	Smarca1
Neo1	Neo1
Gm21949	Gm21949
Mycbp2	Mycbp2
Gprasp1	Gprasp1
Ctbp2	Ctbp2
Trim9	Trim9
1700025G04Rik	1700025G04Rik
Tmem179	Tmem179
Pcdh19	Pcdh19
Cntn1	Cntn1
Ptprs	Ptprs
Psap	Psap
Rnf169	Rnf169
Mdga1	Mdga1
Darc	Darc
Bhlhe40	Bhlhe40
Fbxo31	Fbxo31
Ythdf1	Ythdf1
Cdh2	Cdh2
Zbtb21	Zbtb21
Trappc8	Trappc8
Tada2b	Tada2b
Fezf2	Fezf2
Ap3m2	Ap3m2
Hcn1	Hcn1
Disp2	Disp2
Ankrd12	Ankrd12
Ank2	Ank2
Ap2m1	Ap2m1
Parn	Parn
Tubb2b	Tubb2b
Gaa	Gaa
Pnmal2	Pnmal2
Ypel3	Ypel3
Pgm2l1	Pgm2l1
Gpr101	Gpr101
Kcng2	Kcng2
Hspa12a	Hspa12a
Galnt16	Galnt16
Tmem30a	Tmem30a
Tenm3	Tenm3
Lman2l	Lman2l
Clcn2	Clcn2
Zswim6	Zswim6
Ttc7b	Ttc7b
Magee1	Magee1
Srpk2	Srpk2
Ube2ql1	Ube2ql1
Camta1	Camta1
Cmip	Cmip
Max	Max
Gm7334	Gm7334
Slc7a8	Slc7a8
Hrk	Hrk
Sphk2	Sphk2
Igsf21	Igsf21
Chst2	Chst2
Cbx6	Cbx6
L1cam	L1cam
Kcnma1	Kcnma1
Hadha	Hadha
Junb	Junb
Rnf165	Rnf165
Ssbp3	Ssbp3
Kdm2b	Kdm2b
Nab1	Nab1
Nr4a2	Nr4a2
Mageh1	Mageh1
Scn3a	Scn3a
Jak1	Jak1
Synj1	Synj1
Kdm3a	Kdm3a
Rnf157	Rnf157
Lrrc4c	Lrrc4c
Mpp4	Mpp4
Kctd6	Kctd6
Emc10	Emc10
Rabgap1l	Rabgap1l
Kif5a	Kif5a
Bsg	Bsg
Ncam1	Ncam1
Usf2	Usf2
9930021J03Rik	9930021J03Rik
Fbxo33	Fbxo33
Map1a	Map1a
Tmx4	Tmx4
Lamb1	Lamb1
Fastk	Fastk
Bod1	Bod1
Rap2a	Rap2a
Cdk14	Cdk14
Pafah1b1	Pafah1b1
Erdr1	Erdr1
Sos2	Sos2
Ankrd13d	Ankrd13d
Synm	Synm
Ptpn5	Ptpn5
6330403K07Rik	6330403K07Rik
Raph1	Raph1
Cadm3	Cadm3
Gnb2	Gnb2
Gls	Gls
Eid1	Eid1
Cotl1	Cotl1
Tnks	Tnks
Ubl3	Ubl3
Tomm20	Tomm20
Sez6l	Sez6l
Syn1	Syn1
Slc26a4	Slc26a4
Manea	Manea
Paqr4	Paqr4
Rab15	Rab15
Kif2a	Kif2a
Slc17a7	Slc17a7
Yeats4	Yeats4
Npepps	Npepps
Ptprn	Ptprn
Snap91	Snap91
Maged1	Maged1
Zfp26	Zfp26
Rps6ka4	Rps6ka4
Wbp11	Wbp11
Atp1b1	Atp1b1
Ckap4	Ckap4
H1fx	H1fx
Bag4	Bag4
Dos	Dos
Icam5	Icam5
Prmt6	Prmt6
Cadps2	Cadps2
Btbd2	Btbd2
Rab11fip2	Rab11fip2
Map2k4	Map2k4
Irf2bpl	Irf2bpl
Mrfap1	Mrfap1
Dpysl2	Dpysl2
Rtn1	Rtn1
Fam171a2	Fam171a2
E430025E21Rik	E430025E21Rik
Kpna4	Kpna4
Mtmr3	Mtmr3
Agtpbp1	Agtpbp1
C77370	C77370
Nfib	Nfib
Mtpn	Mtpn
Cfl1	Cfl1
App	App
Frs2	Frs2
Uap1	Uap1
Hras1	Hras1
Atn1	Atn1
Itfg1	Itfg1
Apba2	Apba2
Map1b	Map1b
Syt11	Syt11
Klhl9	Klhl9
Rac1	Rac1
Akap11	Akap11
Sptbn1	Sptbn1
Cpe	Cpe
Basp1	Basp1
Aplp1	Aplp1
Aldh2	Aldh2
Usp35	Usp35
Nefm	Nefm
Gnai1	Gnai1
2900097C17Rik	2900097C17Rik
Dok4	Dok4
Trpm2	Trpm2
Exoc5	Exoc5
Vapa	Vapa
Smap2	Smap2
Ywhae	Ywhae
Cebpg	Cebpg
Morn4	Morn4
Gfra4	Gfra4
Gsk3a	Gsk3a
Syt5	Syt5
Abhd12	Abhd12
Mir703	Mir703
Calr	Calr
Rnpep	Rnpep
Nacc1	Nacc1
Ppp2r5d	Ppp2r5d
Ccny	Ccny
Meis2	Meis2
Rtn3	Rtn3
Dnm1	Dnm1
Rev1	Rev1
Pacs1	Pacs1
Ina	Ina
Hnrnpab	Hnrnpab
Nucks1	Nucks1
Hey1	Hey1
Ube2d1	Ube2d1
Psip1	Psip1
Eif4h	Eif4h
Serbp1	Serbp1
Eef1a1	Eef1a1
Trim41	Trim41
Nrg3	Nrg3
Slc33a1	Slc33a1
Tusc1	Tusc1
Taf10	Taf10
2900060B14Rik	2900060B14Rik
Grb2	Grb2
4931428F04Rik	4931428F04Rik
Stk3	Stk3
Dtnbp1	Dtnbp1
Pspc1	Pspc1
Rala	Rala
Hapln4	Hapln4
Cdkl4	Cdkl4
Sall2	Sall2
Rpl10	Rpl10
Rilpl2	Rilpl2
Snrpa	Snrpa
Nefh	Nefh
Acsl4	Acsl4
Ube2v1	Ube2v1
Scamp1	Scamp1
Ap3d1	Ap3d1
Lmbr1	Lmbr1
Spr	Spr
Canx	Canx
Tmtc3	Tmtc3
Lrig2	Lrig2
Tomm6	Tomm6
Gm1821_loc2	Gm1821_loc2
Map7d2	Map7d2
Rcn1	Rcn1
Alyref	Alyref
Csnk2b	Csnk2b
Hsph1	Hsph1
Sobp	Sobp
Trim32	Trim32
Morf4l1	Morf4l1
Pgam5	Pgam5
Fam216a	Fam216a
Ash2l	Ash2l
Supt7l	Supt7l
Utp18	Utp18
Rab3ip	Rab3ip
B4galt2	B4galt2
Gpr25	Gpr25
Fbll1	Fbll1
Zfp704	Zfp704
Fam207a	Fam207a
Acsl6	Acsl6
Sharpin	Sharpin
Bloc1s4	Bloc1s4
Tbc1d5	Tbc1d5
Tti1	Tti1
Fuk	Fuk
Mir5129	Mir5129
Mir684-1_loc8	Mir684-1_loc8
Mir684-1_loc3	Mir684-1_loc3
Mir684-1_loc1	Mir684-1_loc1
Psmg1	Psmg1
Insr	Insr
Fam135a	Fam135a
Mrps21	Mrps21
U05342	U05342
Crocc	Crocc
Skida1	Skida1
Fam189a1	Fam189a1
Sart3	Sart3
Nr1h2	Nr1h2
Dedd2	Dedd2
Oaz1	Oaz1
Sema4a	Sema4a
Prkag2	Prkag2
Chst8	Chst8
AI846148	AI846148
Smurf1	Smurf1
Trim46	Trim46
Eml5	Eml5
Nol6	Nol6
St8sia1	St8sia1
2300009A05Rik	2300009A05Rik
Mir684-1_loc9	Mir684-1_loc9
Rundc3b	Rundc3b
Slitrk1	Slitrk1
Gab3	Gab3
Ptms	Ptms
Scn1b	Scn1b
Cbx4	Cbx4
Sepw1	Sepw1
Crem	Crem
Kras	Kras
2900026A02Rik	2900026A02Rik
Klc2	Klc2
Fam76a	Fam76a
Rab12	Rab12
Slc25a23	Slc25a23
Shisa7	Shisa7
Mras	Mras
Khsrp	Khsrp
Unc13a	Unc13a
Spryd3	Spryd3
Spry2	Spry2
Cnih2	Cnih2
Pgbd5	Pgbd5
Creg2	Creg2
Esrra	Esrra
Ndnl2	Ndnl2
Rbfox3	Rbfox3
Pole4	Pole4
Per2	Per2
Ubald1	Ubald1
Dzip3	Dzip3
Gprin1	Gprin1
Lrrn2	Lrrn2
Mkl1	Mkl1
Camk2b	Camk2b
Zfp746	Zfp746
Ckap2	Ckap2
Nrgn	Nrgn
Asphd2	Asphd2
Pip5k1b	Pip5k1b
Gabrg2	Gabrg2
Abr	Abr
Drap1	Drap1
Arhgef25	Arhgef25
Ube2e2	Ube2e2
Tmem131	Tmem131
Sema6b	Sema6b
Sdhaf1	Sdhaf1
Pdk3	Pdk3
Scamp5	Scamp5
Lancl1	Lancl1
Cdc40	Cdc40
Grasp	Grasp
Rgs7	Rgs7
Slc37a3	Slc37a3
Tmem200a	Tmem200a
Celf5	Celf5
Mast3	Mast3
Sdhc	Sdhc
Jmy	Jmy
Galntl6	Galntl6
Bcl11a	Bcl11a
Cttn	Cttn
Pde6d	Pde6d
Ptpru	Ptpru
BC068157	BC068157
Mllt1	Mllt1
Me3	Me3
Fam84a	Fam84a
Fam227a	Fam227a
Ext1	Ext1
C230081A13Rik	C230081A13Rik
Syt12	Syt12
Cpd	Cpd
Ncdn	Ncdn
Klf16	Klf16
Nell2	Nell2
Zfp513	Zfp513
Pip4k2c	Pip4k2c
Rfng	Rfng
Pacsin1	Pacsin1
Twf1	Twf1
Nsg1	Nsg1
Prmt8	Prmt8
Hcfc1	Hcfc1
Gabra5	Gabra5
Coq2	Coq2
R3hdm4	R3hdm4
Fibcd1	Fibcd1
Gas2l1	Gas2l1
Cpt1c	Cpt1c
Pfn1	Pfn1
Kctd1	Kctd1
Ust	Ust
Fam131a	Fam131a
Pi4ka	Pi4ka
Actn1	Actn1
Sybu	Sybu
Eya1	Eya1
Smndc1	Smndc1
Lmo1	Lmo1
Ybx3	Ybx3
Pja2	Pja2
Psd	Psd
Hebp1	Hebp1
Grina	Grina
Prr12	Prr12
Rab10	Rab10
Trappc10	Trappc10
Brinp2	Brinp2
Rgl1	Rgl1
Ppm1g	Ppm1g
Shf	Shf
D10Bwg1379e	D10Bwg1379e
Pde8b	Pde8b
Kcnip2	Kcnip2
Ssbp4	Ssbp4
Fkrp	Fkrp
Kat2a	Kat2a
Usp7	Usp7
Fkbp1b	Fkbp1b
Wdr1	Wdr1
Gopc	Gopc
Rcan1	Rcan1
Cnksr2	Cnksr2
Crmp1	Crmp1
Zfp91	Zfp91
Stim2	Stim2
Iqsec1	Iqsec1
Sbf1	Sbf1
Vps9d1	Vps9d1
Arpc2	Arpc2
Arf5	Arf5
Tspyl5	Tspyl5
Bhlhe41	Bhlhe41
Fbxl16	Fbxl16
Ppp3cb	Ppp3cb
Calm3	Calm3
Mical2	Mical2
Mfsd6	Mfsd6
Cnot7	Cnot7
Gpr155	Gpr155
Brf1	Brf1
BC018242	BC018242
Cap2	Cap2
Arf1	Arf1
Dmxl2	Dmxl2
Glg1	Glg1
Ddn	Ddn
Cacng3	Cacng3
Dpp9	Dpp9
Arl15	Arl15
Cherp	Cherp
Fam43b	Fam43b
Camkv	Camkv
Sprn	Sprn
Dlgap4	Dlgap4
Actr3	Actr3
Hnrnpa0	Hnrnpa0
Prickle2	Prickle2
Clip4	Clip4
Gucy1b3	Gucy1b3
Klf13	Klf13
Vstm2l	Vstm2l
Tmem158	Tmem158
Dcakd	Dcakd
Ppm1k	Ppm1k
Pnrc1	Pnrc1
Agfg2	Agfg2
Sptbn4	Sptbn4
Tmem109	Tmem109
Trim2	Trim2
Epha4	Epha4
Plcb1	Plcb1
Ncoa1	Ncoa1
Ctxn1	Ctxn1
Dapk1	Dapk1
Erc1	Erc1
Fbxl17	Fbxl17
Phf13	Phf13
Olfm1	Olfm1
Ppp3ca	Ppp3ca
Mtch1	Mtch1
Tspan13	Tspan13
Sipa1l3	Sipa1l3
Mmp17	Mmp17
Lmo3	Lmo3
Lonrf1	Lonrf1
Tlk1	Tlk1
Neurod1	Neurod1
Mdm2	Mdm2
Sbf2	Sbf2
Ncoa2	Ncoa2
Sh3pxd2a	Sh3pxd2a
Ppt2	Ppt2
Kcnk2	Kcnk2
Gsk3b	Gsk3b
Ptk2b	Ptk2b
Arhgef9	Arhgef9
Bcl11b	Bcl11b
Zeb2	Zeb2
Ccni	Ccni
Dcaf6	Dcaf6
Nuak1	Nuak1
Arpc5	Arpc5
Garem	Garem
Slc30a3	Slc30a3
Pip4k2a	Pip4k2a
Trpc5	Trpc5
Itm2c	Itm2c
Rasgef1a	Rasgef1a
Dbn1	Dbn1
Atp2c1	Atp2c1
Stxbp5	Stxbp5
Tppp	Tppp
Snx27	Snx27
Nos1ap	Nos1ap
Lphn2	Lphn2
Med24	Med24
Lgalsl	Lgalsl
Mpped2	Mpped2
Zhx1	Zhx1
Sptb	Sptb
Mesdc1	Mesdc1
Nckap5l	Nckap5l
Gria1	Gria1
Tcf4	Tcf4
Atp1a3	Atp1a3
Nbea	Nbea
Camk1d	Camk1d
Sorl1	Sorl1
Sez6	Sez6
Runx1t1	Runx1t1
Foxg1	Foxg1
Npdc1	Npdc1
Phactr1	Phactr1
Cpox	Cpox
Neurod2	Neurod2
Dkk3	Dkk3
Snn	Snn
Srf	Srf
Dnajc13	Dnajc13
March4	March4
Cenpv	Cenpv
Ptp4a1	Ptp4a1
Thy1	Thy1
Gnao1	Gnao1
Zbtb18	Zbtb18
Elmod1	Elmod1
Myt1l	Myt1l
Arf3	Arf3
Lingo1	Lingo1
Frrs1l	Frrs1l
Phyhip	Phyhip
Kalrn	Kalrn
Pianp	Pianp
Syne1_loc1	Syne1_loc1
C2cd2l	C2cd2l
Itpka	Itpka
Ppm1e	Ppm1e
Grin1	Grin1
Sowaha	Sowaha
Khdrbs3	Khdrbs3
Wasl	Wasl
Rtn4rl1	Rtn4rl1
Ppp2r5e	Ppp2r5e
Dagla	Dagla
Arhgap39	Arhgap39
Dgke	Dgke
Cacna1h	Cacna1h
C1qtnf4	C1qtnf4
Elk1	Elk1
Cdh8	Cdh8
Gria2	Gria2
Anks1b	Anks1b
Wasf1	Wasf1
Baiap2	Baiap2
Ppp1r9a	Ppp1r9a
Mlf2	Mlf2
Rasgrp1	Rasgrp1
Nav1	Nav1
Slitrk5	Slitrk5
2510003E04Rik	2510003E04Rik
Trim37	Trim37
Sptan1	Sptan1
Cd47	Cd47
Lmo7	Lmo7
Add2	Add2
Grin2b	Grin2b
Auts2	Auts2
Cds1	Cds1
Dennd5b	Dennd5b
Pbx1	Pbx1
Trappc6b	Trappc6b
Nol4	Nol4
Cecr6	Cecr6
Abi1	Abi1
Abhd17c	Abhd17c
Me1	Me1
Prkce	Prkce
Atp2b1	Atp2b1
Cdk5r1	Cdk5r1
Rab6a	Rab6a
Gnaq	Gnaq
Ubqln2	Ubqln2
Gabbr1	Gabbr1
Ctsb	Ctsb
Zfand5	Zfand5
Tspan5	Tspan5
Chrm1	Chrm1
Micu3	Micu3
Kif5b	Kif5b
Rasa1	Rasa1
Large	Large
Epn2	Epn2
Prrt2	Prrt2
Foxp1	Foxp1
Arhgap21	Arhgap21
Fbxo11	Fbxo11
Rpgrip1l	Rpgrip1l
9430020K01Rik	9430020K01Rik
Hdac9	Hdac9
Dlgap1	Dlgap1
Nsg2	Nsg2
Camk2a	Camk2a
Grm5	Grm5
Rock2	Rock2
Slc24a3	Slc24a3
6330403A02Rik	6330403A02Rik
Abi2	Abi2
Rgs7bp	Rgs7bp
Zmynd11	Zmynd11
Hivep2	Hivep2
Pkp4	Pkp4
Zfp462	Zfp462
Camsap2	Camsap2
Ptprn2	Ptprn2
Tmem181c-ps	Tmem181c-ps
4833424O15Rik	4833424O15Rik
Cttnbp2	Cttnbp2
Fgf13	Fgf13
Rprd1a	Rprd1a
Atg9a	Atg9a
Pkp2	Pkp2
Sema4f	Sema4f
Epha5	Epha5
Clstn2	Clstn2
Ankrd33b	Ankrd33b
Siah1a	Siah1a
Rap2c	Rap2c
1700021K19Rik	1700021K19Rik
Rbfox1	Rbfox1
D3Bwg0562e	D3Bwg0562e
Prnp	Prnp
Cacna2d1	Cacna2d1
Rtn4	Rtn4
Nptn	Nptn
Cx3cl1	Cx3cl1
Zfr	Zfr
Sipa1l1	Sipa1l1
Crim1	Crim1
Ppp3r1	Ppp3r1
Astn1	Astn1
Klhl2	Klhl2
Fzd3	Fzd3
Ptprj	Ptprj
Braf	Braf
Camsap1	Camsap1
Cdh11	Cdh11
Smpd3	Smpd3
Adnp	Adnp
Robo1	Robo1
Jph1	Jph1
Ubtf	Ubtf
Ccdc177	Ccdc177
Pcnxl2	Pcnxl2
Pou6f1	Pou6f1
Hipk3	Hipk3
Porcn	Porcn
Nsmce4a	Nsmce4a
Rimbp2	Rimbp2
Syn3	Syn3
Pcdhgb4	Pcdhgb4
Mal2	Mal2
Gpd2	Gpd2
Slitrk3	Slitrk3
Adcy9	Adcy9
Ppp4r4	Ppp4r4
Tub	Tub
Alcam	Alcam
Megf9	Megf9
Pex5l	Pex5l
Ppp1r13b	Ppp1r13b
Ing2	Ing2
Ano3	Ano3
Ankrd63	Ankrd63
Tmem189	Tmem189
Smad1	Smad1
9930013L23Rik	9930013L23Rik
Slc12a5	Slc12a5
B3gat1	B3gat1
Cdk17	Cdk17
Plxna2	Plxna2
Fyn	Fyn
Ppfia2	Ppfia2
Erc2	Erc2
Glrb	Glrb
Dock9	Dock9
Atxn1	Atxn1
Irf2bp2	Irf2bp2
Robo2	Robo2
Lrp3	Lrp3
Adcy2	Adcy2
Rasal2	Rasal2
Extl1	Extl1
Zcchc8	Zcchc8
Egr4	Egr4
Rras2	Rras2
Celf1	Celf1
Kif5c	Kif5c
Pcdha5	Pcdha5
Enc1	Enc1
Cyfip2	Cyfip2
Ncan	Ncan
Trio	Trio
Limd2	Limd2
Nfia	Nfia
Bai3	Bai3
Acsl3	Acsl3
Elmo2	Elmo2
Rybp	Rybp
Rfx3	Rfx3
Cdc42bpb	Cdc42bpb
Nrip1	Nrip1
Trafd1	Trafd1
Gyk	Gyk
Arhgap17	Arhgap17
Prkcb	Prkcb
Kif1b	Kif1b
Actr2	Actr2
B4galt6	B4galt6
Fam155a	Fam155a
Man1a2	Man1a2
Dgkb	Dgkb
Prkcg	Prkcg
Lzts3	Lzts3
Zfp608	Zfp608
Ago1	Ago1
Tmed8	Tmed8
Npas4	Npas4
Dazl	Dazl
Ak3	Ak3
Atp2a2	Atp2a2
Celf2	Celf2
Slc8a1	Slc8a1
Scn8a	Scn8a
Mmd	Mmd
Unc80	Unc80
Dnajc5	Dnajc5
Nptx1	Nptx1
Kcnab2	Kcnab2
Fbxo41	Fbxo41
Gpd1l	Gpd1l
Mfsd4	Mfsd4
Rab40b	Rab40b
BC037034	BC037034
Aff3	Aff3
Tbc1d16	Tbc1d16
Satb2	Satb2
Camkk2	Camkk2
Plxna4	Plxna4
Tmem57	Tmem57
Gltscr1l	Gltscr1l
Tob1	Tob1
Xkr4	Xkr4
Xpo7	Xpo7
Dixdc1	Dixdc1
8430427H17Rik	8430427H17Rik
Cables2	Cables2
Taok1	Taok1
Gabrb3	Gabrb3
Cyp46a1	Cyp46a1
Zmat3	Zmat3
Diras2	Diras2
Supt5	Supt5
Fam126a	Fam126a
Zfp654	Zfp654
Sidt2	Sidt2
Nlgn1	Nlgn1
Dpp6	Dpp6
A830082N09Rik	A830082N09Rik
Arhgef17	Arhgef17
Myadm	Myadm
Ntrk3	Ntrk3
Dock4	Dock4
Faah	Faah
Tacc1	Tacc1
Adam22	Adam22
Rnft2	Rnft2
Elavl1	Elavl1
Kctd12	Kctd12
Cramp1l	Cramp1l
Ccbe1	Ccbe1
Sort1	Sort1
Slc7a14	Slc7a14
Opcml	Opcml
Rnf44	Rnf44
Akt3	Akt3
Slc30a5	Slc30a5
Htr1a	Htr1a
Sirpa	Sirpa
Zyg11b	Zyg11b
Srgap3	Srgap3
Itpr1	Itpr1
Brinp1	Brinp1
Cacnb1	Cacnb1
Xpot	Xpot
Ftx	Ftx
Ncstn	Ncstn
Iqsec3	Iqsec3
Tmtc4	Tmtc4
Fam160b2	Fam160b2
Sel1l	Sel1l
Dmtn	Dmtn
Rapgef2	Rapgef2
Samd4b	Samd4b
Trim44	Trim44
Gm17066	Gm17066
Chpf	Chpf
Ormdl3	Ormdl3
March6	March6
St3gal5	St3gal5
Rab40c	Rab40c
Ago4	Ago4
Akap17b	Akap17b
Map4k5	Map4k5
Usp37	Usp37
Hnrnpll	Hnrnpll
Doc2b	Doc2b
Dcaf5	Dcaf5
Qtrtd1	Qtrtd1
Fgfbp3	Fgfbp3
Pam	Pam
Dcc	Dcc
Mgat4a	Mgat4a
Fastkd1	Fastkd1
Slc35b3	Slc35b3
Tram1	Tram1
Thpo	Thpo
Rbm14	Rbm14
Adamts3	Adamts3
Ralgps2	Ralgps2
Kifc3	Kifc3
Prdm15	Prdm15
Tceb3	Tceb3
Rap1b	Rap1b
Fkbp5	Fkbp5
Gpc4	Gpc4
2310002F09Rik	2310002F09Rik
Rasgrf1	Rasgrf1
Kctd5	Kctd5
Fam49a	Fam49a
Med14	Med14
Inhba	Inhba
Zbtb20	Zbtb20
Arel1	Arel1
Fam49b	Fam49b
Cry2	Cry2
Ap1ar	Ap1ar
Homer1	Homer1
Ldoc1l	Ldoc1l
Gm14057	Gm14057
Rsbn1l	Rsbn1l
Osbp2	Osbp2
Pde2a	Pde2a
B3gnt2	B3gnt2
Tmem136	Tmem136
Myh9	Myh9
Pdik1l	Pdik1l
Zdhhc2	Zdhhc2
Tmtc1	Tmtc1
Tug1	Tug1
Herc3	Herc3
Slitrk4	Slitrk4
Ppargc1a	Ppargc1a
Nelfa	Nelfa
Galnt18	Galnt18
Pid1	Pid1
Gm9899	Gm9899
Cds2	Cds2
Zfp597	Zfp597
Nt5dc3	Nt5dc3
Ndor1	Ndor1
Sept3	Sept3
St8sia3	St8sia3
R3hdm1	R3hdm1
Slc6a6	Slc6a6
Elovl6	Elovl6
Lrrtm1	Lrrtm1
Onecut2	Onecut2
Dcaf7	Dcaf7
Plagl2	Plagl2
Aak1	Aak1
Scn2b	Scn2b
Lrp11	Lrp11
Vgf	Vgf
Lemd3	Lemd3
Gria3	Gria3
Mb21d2	Mb21d2
Smim13	Smim13
Trpc4	Trpc4
Adam23	Adam23
Sec22c	Sec22c
Nefl	Nefl
Slc11a2	Slc11a2
Oxsr1	Oxsr1
Ajap1	Ajap1
Pdgfb	Pdgfb
Man1a	Man1a
Tmem2	Tmem2
Nmb	Nmb
Hs6st2	Hs6st2
Stk39	Stk39
Dhx57	Dhx57
Atp8b2	Atp8b2
Lat	Lat
Reps2	Reps2
Fndc4	Fndc4
Snx25	Snx25
Trak2	Trak2
Ppapdc2	Ppapdc2
Rgs4	Rgs4
Josd1	Josd1
Stxbp5l	Stxbp5l
Rab28	Rab28
Fam126b	Fam126b
Nsmaf	Nsmaf
Rnf26	Rnf26
Slc24a2	Slc24a2
Lemd2	Lemd2
Ero1l	Ero1l
Etv5	Etv5
Nipa2	Nipa2
Hs3st4	Hs3st4
Chst15	Chst15
Fras1	Fras1
Lca5	Lca5
Ralb	Ralb
Dpy19l3	Dpy19l3
Dnah9	Dnah9
Slc22a5	Slc22a5
Ndst4	Ndst4
Mir678	Mir678
Plxna1	Plxna1
Nptx2	Nptx2
Ptpn3	Ptpn3
Zfp804a	Zfp804a
Wbscr17	Wbscr17
Pou3f1	Pou3f1
Rps6kl1	Rps6kl1
Col11a1	Col11a1
Ier5	Ier5
Nr4a1	Nr4a1
Flrt2	Flrt2
Dclk2	Dclk2
Samd5	Samd5
Sptbn2	Sptbn2
1190002N15Rik	1190002N15Rik
Ltk	Ltk
Kcnd2	Kcnd2
Egr1	Egr1
Homer2	Homer2
Chpt1	Chpt1
Sorcs3	Sorcs3
Ryr3	Ryr3
Bcl6	Bcl6
Iqgap2	Iqgap2
Fat3	Fat3
Map4k3	Map4k3
Prickle1	Prickle1
Rb1	Rb1
Igfbp4	Igfbp4
Mcur1	Mcur1
Scn3b	Scn3b
Syt7	Syt7
Arap2	Arap2
Sema3e	Sema3e
Dgkz	Dgkz
Fndc5	Fndc5
Rasl11b	Rasl11b
Bdnf	Bdnf
Prkca	Prkca
Lrrc10b	Lrrc10b
Ccnd1	Ccnd1
Mlip	Mlip
Wipf3	Wipf3
AI593442	AI593442
Orai2	Orai2
Shisa6	Shisa6
Kcnab1	Kcnab1
Cadm2	Cadm2
Camta2	Camta2
Map4	Map4
2010300C02Rik	2010300C02Rik
Ppp1r1a	Ppp1r1a
Ptbp3	Ptbp3
Lingo3	Lingo3
Sept6	Sept6
Mapk4	Mapk4
Slc16a6	Slc16a6
Tpm1	Tpm1
Kcnip4	Kcnip4
Pcdh20	Pcdh20
Wfs1	Wfs1
Plk2	Plk2
Tle1	Tle1
Slc39a14	Slc39a14
Cacna2d3	Cacna2d3
Lpl	Lpl
Sertad4	Sertad4
Kctd15	Kctd15
Nbl1	Nbl1
1700001O22Rik	1700001O22Rik
Npbwr1	Npbwr1
Rbm43	Rbm43
Arc	Arc
Adcy8	Adcy8
Nell1	Nell1
Arrdc4	Arrdc4
Grem1	Grem1
Dhx33	Dhx33
Incenp	Incenp
Luzp2	Luzp2
Wbscr25	Wbscr25
Gm17296	Gm17296
Clcnka	Clcnka
Ccdc37	Ccdc37
Rasd1	Rasd1
4632434I11Rik	4632434I11Rik
Smug1	Smug1
Ddx3y	Ddx3y
Dusp6	Dusp6
Wnt2	Wnt2
Lypd1	Lypd1
Egfl6	Egfl6
Diap3	Diap3
Eif2s3y	Eif2s3y
Neurod6	Neurod6
Glt8d2	Glt8d2
Lct	Lct
Ddit4l	Ddit4l
Hpca	Hpca
Epha3	Epha3
Epha7	Epha7
Chrm3	Chrm3
2610017I09Rik	2610017I09Rik
Arhgap12	Arhgap12
Klk8	Klk8
Epha6	Epha6
Depdc7	Depdc7
Schip1	Schip1
Gm5862	Gm5862
Arsk	Arsk
Hacl1	Hacl1
Slpi	Slpi
Rdh11	Rdh11
Prex1	Prex1
Ldlrap1	Ldlrap1
Bcas1	Bcas1
Ankrd28	Ankrd28
Aldh6a1	Aldh6a1
Dynlt1c_loc1	Dynlt1c_loc1
Tirap	Tirap
Nkain2	Nkain2
Ptpla	Ptpla
Magt1	Magt1
Idi1	Idi1
Pim3	Pim3
Chn2	Chn2
Sc5d	Sc5d
Itfg3	Itfg3
Sc4mol	Sc4mol
Psat1	Psat1
Cat	Cat
Gltp	Gltp
Scd2	Scd2
Cyp51	Cyp51
Fdft1	Fdft1
Prim2	Prim2
Elovl7	Elovl7
Hmgcs1	Hmgcs1
Taldo1	Taldo1
Mbp	Mbp
Hsd17b12	Hsd17b12
Tmem125	Tmem125
Zfp280c	Zfp280c
H2-Aa	H2-Aa
Cenpq	Cenpq
Zfp429	Zfp429
Hmgb2	Hmgb2
H2-Ab1	H2-Ab1
Aaed1	Aaed1
Tsc22d4	Tsc22d4
Arpc1b	Arpc1b
Ick	Ick
Adamts4	Adamts4
1700001P01Rik	1700001P01Rik
Sirt2	Sirt2
Il23a	Il23a
Eml1	Eml1
Ninj1	Ninj1
Kndc1	Kndc1
Gng12	Gng12
Nfasc	Nfasc
Ctsl	Ctsl
Gnb4	Gnb4
Nipa1	Nipa1
Sgk2	Sgk2
Gramd3	Gramd3
9830001H06Rik	9830001H06Rik
Parvb	Parvb
Myo6	Myo6
Sema4d	Sema4d
Cldn14	Cldn14
Chst3	Chst3
Zfp488	Zfp488
Sox2ot	Sox2ot
Gpr17	Gpr17
Sema6a	Sema6a
Sema3d	Sema3d
Hsd17b7	Hsd17b7
Itgb1	Itgb1
Col9a3	Col9a3
Mvd	Mvd
Dhcr24	Dhcr24
Tm7sf2	Tm7sf2
Ankrd44	Ankrd44
Acat2	Acat2
Lss	Lss
Rnf122	Rnf122
Kank1	Kank1
Rell1	Rell1
March8	March8
Pla2g4a	Pla2g4a
Scrg1	Scrg1
Slc22a23	Slc22a23
Stard13	Stard13
9630013A20Rik	9630013A20Rik
Bfsp2	Bfsp2
Idh1	Idh1
Dusp15	Dusp15
Tmem163	Tmem163
Lcorl	Lcorl
Inppl1	Inppl1
Ss18	Ss18
Kdelc1	Kdelc1
Tmem159	Tmem159
Plxnb3	Plxnb3
Sema6d	Sema6d
Rasgef1b	Rasgef1b
Sema4c	Sema4c
Fkbp9	Fkbp9
Decr1	Decr1
Fam107b	Fam107b
Atp10b	Atp10b
Itpr2	Itpr2
Alox5	Alox5
Casr	Casr
Tspan9	Tspan9
Spsb1	Spsb1
Ctnnal1	Ctnnal1
Cnksr3	Cnksr3
Lrrc16a	Lrrc16a
Dact1	Dact1
Slc22a21	Slc22a21
Tns3	Tns3
Tcf7l2	Tcf7l2
Dmrta1	Dmrta1
Itgb7	Itgb7
Ddc	Ddc
Ehhadh	Ehhadh
2610035D17Rik	2610035D17Rik
Mpzl1	Mpzl1
Matn4	Matn4
Brca1	Brca1
Snx18	Snx18
Rassf10	Rassf10
Neu4	Neu4
Bmp4	Bmp4
Zbtb7b	Zbtb7b
Tnni1	Tnni1
Stat3	Stat3
5430435G22Rik	5430435G22Rik
Scarb2	Scarb2
Aatk	Aatk
Olig2	Olig2
Gjc2	Gjc2
Slc44a1	Slc44a1
Rab31	Rab31
Cldn11	Cldn11
Golga7	Golga7
Slc12a2	Slc12a2
Secisbp2l	Secisbp2l
Aldh3b1	Aldh3b1
Myrf	Myrf
Qk	Qk
Gab1	Gab1
Trim36	Trim36
Ado	Ado
Pacs2	Pacs2
Fbxo32	Fbxo32
Ermp1	Ermp1
Ephb1	Ephb1
Tprn	Tprn
Tm7sf3	Tm7sf3
Kazn	Kazn
Frmd5	Frmd5
2310022B05Rik	2310022B05Rik
Kcnj10	Kcnj10
Map6d1	Map6d1
Frmd8	Frmd8
Sox10	Sox10
Gjc3	Gjc3
Il1rap	Il1rap
Sox8	Sox8
Padi2	Padi2
Gm16515	Gm16515
Tle6	Tle6
Sorbs3	Sorbs3
Heatr5a	Heatr5a
Mtus1	Mtus1
Mob3b	Mob3b
Ppap2c	Ppap2c
Tmc6	Tmc6
Cnn3	Cnn3
Ccdc13	Ccdc13
4930452G13Rik	4930452G13Rik
Gm14548	Gm14548
Pira4	Pira4
Tmem141	Tmem141
Pcyt2	Pcyt2
Mvp	Mvp
Mcam	Mcam
Plat	Plat
Sis	Sis
Tmem98	Tmem98
Hist1h1c	Hist1h1c
Tspan2	Tspan2
Efna1	Efna1
Cnp	Cnp
Hist1h4i	Hist1h4i
Lap3	Lap3
Gamt	Gamt
Plp1	Plp1
Fabp5	Fabp5
Lgi3	Lgi3
Tmeff2	Tmeff2
Nipal4	Nipal4
Prkcq	Prkcq
Ptma	Ptma
Tppp3	Tppp3
Josd2	Josd2
Mobp	Mobp
Fam57a	Fam57a
Erbb3	Erbb3
Ftl1	Ftl1
Cers2	Cers2
Sypl	Sypl
Cd81	Cd81
Grb14	Grb14
Cd63	Cd63
Csrp1	Csrp1
Elovl1	Elovl1
Cpm	Cpm
Abhd3	Abhd3
Hist1h2bc	Hist1h2bc
2810468N07Rik	2810468N07Rik
Sept4	Sept4
St6galnac3	St6galnac3
Ormdl2	Ormdl2
Smco3	Smco3
1810037I17Rik	1810037I17Rik
Cfl2	Cfl2
Gsn	Gsn
Prdx1	Prdx1
Cela1	Cela1
Prdx6	Prdx6
Pdlim2	Pdlim2
Cmtm5	Cmtm5
Ctsk	Ctsk
Wdr91	Wdr91
Eci2	Eci2
Tmed5	Tmed5
Rhoc	Rhoc
1110007C09Rik	1110007C09Rik
1500004A13Rik	1500004A13Rik
Asrgl1	Asrgl1
Dbndd2	Dbndd2
Npc2	Npc2
Adi1	Adi1
Snx5	Snx5
Strn	Strn
Entpd5	Entpd5
Xrcc3	Xrcc3
Ap3m1	Ap3m1
Myo1d	Myo1d
Ddit3	Ddit3
Nedd1	Nedd1
Itgb8	Itgb8
Gng5	Gng5
Tll2	Tll2
A930003A15Rik	A930003A15Rik
Pop4	Pop4
Slc25a38	Slc25a38
Bpgm	Bpgm
Hadh	Hadh
Tmed10	Tmed10
Ninj2	Ninj2
Bet1	Bet1
Fam122b	Fam122b
Piga	Piga
Dnajc24	Dnajc24
Csrnp1	Csrnp1
Thbs3	Thbs3
Cyp2j6	Cyp2j6
Wipi1	Wipi1
Kcnk5	Kcnk5
Fan1	Fan1
Lipa	Lipa
Egr2	Egr2
Mir1892	Mir1892
Fam228b	Fam228b
Gm1979	Gm1979
Tmc7	Tmc7
Tspan14	Tspan14
Sft2d2	Sft2d2
Abca8a	Abca8a
Hist2h3c2	Hist2h3c2
Acy1	Acy1
Jun	Jun
Itgad	Itgad
Nkx6-2	Nkx6-2
Ppp2r3a	Ppp2r3a
Npc1	Npc1
Vamp3	Vamp3
Slc9a3r2	Slc9a3r2
Lbr	Lbr
Plekhb1	Plekhb1
Smim1	Smim1
Wrap53	Wrap53
Tpmt	Tpmt
Cdc42ep2	Cdc42ep2
Lamp2	Lamp2
Wfdc18	Wfdc18
Mog	Mog
Metrn	Metrn
Zfp14	Zfp14
Malat1	Malat1
Fah	Fah
Cd9	Cd9
Ptn	Ptn
Ypel2	Ypel2
Tjap1	Tjap1
Ebp	Ebp
Stxbp6	Stxbp6
Arfip1	Arfip1
Erf	Erf
Plod1	Plod1
D16Ertd472e	D16Ertd472e
Tmod1	Tmod1
Enpp2	Enpp2
Opalin	Opalin
Jam3	Jam3
Ptgds	Ptgds
Pllp	Pllp
Zdhhc9	Zdhhc9
Gm13889	Gm13889
Atp8b1	Atp8b1
Cacna2d4	Cacna2d4
Tmem88b	Tmem88b
Gss	Gss
Ddr1	Ddr1
Abhd4	Abhd4
B3gnt9	B3gnt9
Mif4gd	Mif4gd
Wnk1	Wnk1
Carhsp1	Carhsp1
Wscd1	Wscd1
S1pr5	S1pr5
Unc5b	Unc5b
Degs1	Degs1
5330426P16Rik	5330426P16Rik
Gpr37	Gpr37
Slc4a2	Slc4a2
Dock10	Dock10
Ano4	Ano4
Cdc42ep1	Cdc42ep1
Tmbim1	Tmbim1
Phldb1	Phldb1
Lpar1	Lpar1
Hbp1	Hbp1
Pcdh9	Pcdh9
Gpr62	Gpr62
Efnb3	Efnb3
Fgfr2	Fgfr2
Tubb4a	Tubb4a
Enpp4	Enpp4
Ugt8a	Ugt8a
Clic4	Clic4
Prkd3	Prkd3
Rap1a	Rap1a
Hist1h2be	Hist1h2be
Nod1	Nod1
Mag	Mag
Nudt4	Nudt4
Mon2	Mon2
Foxn3	Foxn3
Ptprd	Ptprd
Tspan15	Tspan15
Hepacam	Hepacam
Wipf1	Wipf1
Necap2	Necap2
Rhog	Rhog
Galnt6	Galnt6
Hs3st1	Hs3st1
Adam17	Adam17
Mospd2	Mospd2
Bche	Bche
Leprel4	Leprel4
Shisa4	Shisa4
Dusp10	Dusp10
4931406P16Rik	4931406P16Rik
Slc29a3	Slc29a3
Zdhhc12	Zdhhc12
Reep3	Reep3
Dusp16	Dusp16
Slc25a1	Slc25a1
Rhobtb3	Rhobtb3
Erbb2ip	Erbb2ip
Tmem179b	Tmem179b
Hhip	Hhip
Taf7	Taf7
Lima1	Lima1
Baz2b	Baz2b
Bmf	Bmf
Arrdc2	Arrdc2
Creb5	Creb5
Olig1	Olig1
Plekha1	Plekha1
Desi1	Desi1
Ppp1r16b	Ppp1r16b
Serinc5	Serinc5
Tln1	Tln1
Rdx	Rdx
Prox1	Prox1
Ezh2	Ezh2
Dip2a	Dip2a
Sh3gl3	Sh3gl3
Tmem123	Tmem123
Nkain1	Nkain1
Stxbp3a	Stxbp3a
Micall1	Micall1
Zfp536	Zfp536
Prima1	Prima1
Frmd4b	Frmd4b
C030029H02Rik	C030029H02Rik
Plekhh1	Plekhh1
Chadl	Chadl
Kif13a	Kif13a
Lama2	Lama2
Snx33	Snx33
Tjp2	Tjp2
Gal3st1	Gal3st1
Hn1l	Hn1l
Plk3	Plk3
Scrib	Scrib
St18	St18
Rrbp1	Rrbp1
Clmn	Clmn
9930012K11Rik	9930012K11Rik
Fign	Fign
Zan	Zan
Ribc1	Ribc1
Fam53b	Fam53b
Plekha2	Plekha2
Meis1	Meis1
Ddit4	Ddit4
Rffl	Rffl
Vangl1	Vangl1
Postn	Postn
Slc16a12	Slc16a12
Rad51b	Rad51b
Pla2g5	Pla2g5
Otx2	Otx2
Slc16a8	Slc16a8
Cldn2	Cldn2
Prlr	Prlr
Slc4a5	Slc4a5
Steap1	Steap1
Cox8b	Cox8b
Trpm3	Trpm3
Kl	Kl
Clic6	Clic6
Defb10	Defb10
1110059M19Rik	1110059M19Rik
Kcnj13	Kcnj13
Smim22	Smim22
2900093L17Rik	2900093L17Rik
Cldn1	Cldn1
Ttr	Ttr
Gm11744	Gm11744
Wfdc2	Wfdc2
Sostdc1	Sostdc1
Defb9	Defb9
Kcne2	Kcne2
Folr1	Folr1
Neat1	Neat1
Sept10	Sept10
Cdr2	Cdr2
Ston2	Ston2
Phactr4	Phactr4
Slc25a13	Slc25a13
Crybg3	Crybg3
Dock5	Dock5
Trim59	Trim59
Scd1	Scd1
Zcchc24	Zcchc24
Evi2a	Evi2a
Usp54	Usp54
Prr5l	Prr5l
Fa2h	Fa2h
Carns1	Carns1
Tmem229a	Tmem229a
Daam2	Daam2
Tmem63a	Tmem63a
Dpy19l1	Dpy19l1
Megf10	Megf10
Ttyh2	Ttyh2
Endod1	Endod1
Rassf2	Rassf2
Arsg	Arsg
Cntn2	Cntn2
Adamtsl4	Adamtsl4
Fos	Fos
Fnbp1	Fnbp1
Fosb	Fosb
Nrbp2	Nrbp2
Gprc5b	Gprc5b
Prrg1	Prrg1
Qdpr	Qdpr
Mal	Mal
Ndrg1	Ndrg1
I730030J21Rik	I730030J21Rik
Srd5a1	Srd5a1
Slc38a2	Slc38a2
Fermt2	Fermt2
Efhd1	Efhd1
Edil3	Edil3
Lrrc1	Lrrc1
Pls1	Pls1
Cd82	Cd82
Gatm	Gatm
Rftn2	Rftn2
Phgdh	Phgdh
Slc48a1	Slc48a1
Ermn	Ermn
Rnf13	Rnf13
Litaf	Litaf
Cryab	Cryab
Gm4832	Gm4832
Aspa	Aspa
Nmral1	Nmral1
Car2	Car2
Car14	Car14
Dbi	Dbi
Rnf7	Rnf7
Evi2a-evi2b	Evi2a-evi2b
Pla2g16	Pla2g16
Tnfaip6	Tnfaip6
Rnf141	Rnf141
Pigz	Pigz
Olfml1	Olfml1
Gm410	Gm410
Mboat1	Mboat1
Cdh19	Cdh19
Folh1	Folh1
Hrsp12	Hrsp12
A330049N07Rik	A330049N07Rik
Cyp2j12	Cyp2j12
Slc34a3	Slc34a3
Enpp1	Enpp1
Ldlrad3	Ldlrad3
Col6a2	Col6a2
Smtnl2	Smtnl2
Emilin2	Emilin2
Cyb5r2	Cyb5r2
Ano10	Ano10
Ppp1r14a	Ppp1r14a
Fgf1	Fgf1
Itgb4	Itgb4
Mid1ip1	Mid1ip1
Pon2	Pon2
St3gal4	St3gal4
Sall1	Sall1
Atp1b3	Atp1b3
Gjb1	Gjb1
Sept8	Sept8
Hcn2	Hcn2
Serpinb1c	Serpinb1c
S100a16	S100a16
Jup	Jup
Glul	Glul
Adipor2	Adipor2
Elovl5	Elovl5
Zdhhc20	Zdhhc20
Slco3a1	Slco3a1
Plin3	Plin3
Cdk18	Cdk18
B3galt5	B3galt5
Ly6g6f	Ly6g6f
Klhl4	Klhl4
Gstm7	Gstm7
Rftn1	Rftn1
Anln	Anln
Trf	Trf
2700046A07Rik	2700046A07Rik
Hapln2	Hapln2
E330020D12Rik	E330020D12Rik
Enpp6	Enpp6
Gng11	Gng11
Cd59a	Cd59a
Apod	Apod
Klk6	Klk6
Pmp22	Pmp22
S100b	S100b
S100a13	S100a13
Serpinb1a	Serpinb1a
S100a1	S100a1
Aldh1l2	Aldh1l2
S100a6	S100a6
Cd52	Cd52
Ckap2l	Ckap2l
Rgs1	Rgs1
G530011O06Rik	G530011O06Rik
Itgb2	Itgb2
Ccrl2	Ccrl2
Plek	Plek
Cd53	Cd53
Fam180a	Fam180a
Tescl	Tescl
Btg2	Btg2
Msln	Msln
Fam64a	Fam64a
Hmmr	Hmmr
Myo1g	Myo1g
Birc5	Birc5
Cks2	Cks2
Mki67	Mki67
Prc1	Prc1
Ccnb1	Ccnb1
Top2a	Top2a
Ccnb2	Ccnb2
Ect2	Ect2
Tgfbr1	Tgfbr1
Evi2b	Evi2b
Tuba1c	Tuba1c
Psmb9	Psmb9
Arhgdib	Arhgdib
Mpeg1	Mpeg1
Bin2	Bin2
Plau	Plau
Cd300ld	Cd300ld
Atf3	Atf3
Spp1	Spp1
Tnfaip2	Tnfaip2
Gdf15	Gdf15
Cass4	Cass4
Bcl2a1a	Bcl2a1a
Tnfaip3	Tnfaip3
Tnf	Tnf
Ccl4	Ccl4
Bcl2a1c	Bcl2a1c
Bcl2a1b	Bcl2a1b
Cxcl10	Cxcl10
Samsn1	Samsn1
Ccl9	Ccl9
Dock2	Dock2
Nfkbiz	Nfkbiz
Gem	Gem
P2ry13	P2ry13
Ncf1	Ncf1
Ccl3	Ccl3
Lat2	Lat2
Btk	Btk
Myd88	Myd88
Fam46c	Fam46c
Nlrp3	Nlrp3
Rhoh	Rhoh
Nfkbia	Nfkbia
Gpr84	Gpr84
Rel	Rel
Il1b	Il1b
Gpr183	Gpr183
Tlr2	Tlr2
Pdgfra	Pdgfra
Hk2	Hk2
Cd83	Cd83
Cxcl16	Cxcl16
Tnfrsf1b	Tnfrsf1b
Il1a	Il1a
Kif24	Kif24
Arhgap4	Arhgap4
Ctss	Ctss
Lair1	Lair1
Rps6ka1	Rps6ka1
Olfml3	Olfml3
Entpd1	Entpd1
Susd3	Susd3
Siglech	Siglech
Abi3	Abi3
Il10ra	Il10ra
Selplg	Selplg
Gcnt1	Gcnt1
Cx3cr1	Cx3cr1
Tmem173	Tmem173
Tmem119	Tmem119
Gpr34	Gpr34
Ppp1r15a	Ppp1r15a
Dapp1	Dapp1
Lacc1	Lacc1
Itgam	Itgam
4632428N05Rik	4632428N05Rik
Map3k8	Map3k8
Neurl3	Neurl3
Dusp2	Dusp2
Trem2	Trem2
Tgif1	Tgif1
Hexb	Hexb
Ly86	Ly86
P2ry12	P2ry12
Ccr5	Ccr5
Itpripl1	Itpripl1
Nrros	Nrros
H2-T23	H2-T23
Xlr	Xlr
Arhgap11a	Arhgap11a
Anxa4	Anxa4
Tyms	Tyms
Nusap1	Nusap1
Dsn1	Dsn1
Kif23	Kif23
Fbxo5	Fbxo5
Pbk	Pbk
Cdca2	Cdca2
Ndc80	Ndc80
Shcbp1	Shcbp1
Itgal	Itgal
Cdk1	Cdk1
Cenpf	Cenpf
Cmtm7	Cmtm7
Rgs18	Rgs18
Hmga2-ps1	Hmga2-ps1
A630001G21Rik	A630001G21Rik
Dnase1l1	Dnase1l1
Traf3ip3	Traf3ip3
Hfe	Hfe
Ccl6	Ccl6
Ifi27l2a	Ifi27l2a
Cd86	Cd86
Wfdc17	Wfdc17
Rac2	Rac2
Cd48	Cd48
Bst2	Bst2
Fermt3	Fermt3
Folr2	Folr2
Cyba	Cyba
Ptpn6	Ptpn6
Ms4a6d	Ms4a6d
Clec12a	Clec12a
Fcgr1	Fcgr1
Tnfaip8l2	Tnfaip8l2
Blvrb	Blvrb
Cbr2	Cbr2
2310001H17Rik	2310001H17Rik
Clic1	Clic1
Pf4	Pf4
Gmfg	Gmfg
Cxcr3	Cxcr3
Lgals1	Lgals1
Ms4a6b	Ms4a6b
Mgl2	Mgl2
Alox5ap	Alox5ap
2610203C22Rik	2610203C22Rik
Tspan8	Tspan8
Ccl8	Ccl8
Igsf6	Igsf6
Tgfbi	Tgfbi
Samhd1	Samhd1
Cd300a	Cd300a
Tifab	Tifab
Slc6a13	Slc6a13
Cmklr1	Cmklr1
Abcg3	Abcg3
Tnfsf13	Tnfsf13
Cnr2	Cnr2
C430049B03Rik	C430049B03Rik
AY074887	AY074887
Tec	Tec
Pira1	Pira1
Apobec1	Apobec1
S1pr2	S1pr2
Trpv4	Trpv4
Clec10a	Clec10a
Fam26f	Fam26f
Il15	Il15
Il10rb	Il10rb
Hpgd	Hpgd
Clec4a3	Clec4a3
Lst1	Lst1
Ptplad2	Ptplad2
Rab39	Rab39
Nfam1	Nfam1
Angptl7	Angptl7
Tyrobp	Tyrobp
Smagp	Smagp
Clec4a2	Clec4a2
Rnase4	Rnase4
Lyz2	Lyz2
B2m	B2m
Oas1g	Oas1g
Aif1	Aif1
Sult1a1	Sult1a1
Sepp1	Sepp1
Hpgds	Hpgds
Ms4a6c	Ms4a6c
Siglec1	Siglec1
Vamp8	Vamp8
Pld4	Pld4
Lgals9	Lgals9
Ms4a7	Ms4a7
C2	C2
Ctsc	Ctsc
Ctsz	Ctsz
C1qb	C1qb
Fcgr3	Fcgr3
Tcn2	Tcn2
Fcna	Fcna
C1qa	C1qa
Slc7a7	Slc7a7
Fcrls	Fcrls
Hk3	Hk3
B4galt1	B4galt1
Lyz1	Lyz1
Ostf1	Ostf1
Abca9	Abca9
Ltc4s	Ltc4s
Cd68	Cd68
Npl	Npl
Emr1	Emr1
Fcgrt	Fcgrt
Fcer1g	Fcer1g
Lyl1	Lyl1
Lyve1	Lyve1
F13a1	F13a1
Fcgr2b	Fcgr2b
Mnda	Mnda
Msr1	Msr1
Cd163	Cd163
Gm4788	Gm4788
Stab1	Stab1
Il6ra	Il6ra
Sgpl1	Sgpl1
Dse	Dse
Ifi30	Ifi30
Csf1r	Csf1r
Mrc1	Mrc1
Nckap1l	Nckap1l
Lcp1	Lcp1
Trim30a	Trim30a
C1qc	C1qc
Laptm5	Laptm5
Dab2	Dab2
Gusb	Gusb
Cfhr2	Cfhr2
Ehd4	Ehd4
Cysltr1	Cysltr1
Slc40a1	Slc40a1
Ifi202b	Ifi202b
Txnip	Txnip
Gpr65	Gpr65
Slc37a2	Slc37a2
H2-K2	H2-K2
Fpr1	Fpr1
Gbp7	Gbp7
Colec12	Colec12
Fyb	Fyb
Tlr6	Tlr6
Was	Was
Arhgap30	Arhgap30
Renbp	Renbp
Niacr1	Niacr1
Naip2	Naip2
Tbc1d4	Tbc1d4
Ltbr	Ltbr
Akna	Akna
Sp110	Sp110
Phactr2	Phactr2
Dennd1c	Dennd1c
Abcc3	Abcc3
Dhx58	Dhx58
Fes	Fes
Cfp	Cfp
Nfxl1	Nfxl1
Tslp	Tslp
Trim30d	Trim30d
Gas2l3	Gas2l3
Lilra5	Lilra5
Slc29a1	Slc29a1
Abca1	Abca1
Trim47	Trim47
Themis2	Themis2
Lgals3bp	Lgals3bp
Cpne3	Cpne3
Nlrc4	Nlrc4
Parp12	Parp12
Ptprc	Ptprc
Zfp217	Zfp217
Arhgap19	Arhgap19
Slco2b1	Slco2b1
Tlr1	Tlr1
Il12b	Il12b
Hlx	Hlx
Runx1	Runx1
C3ar1	C3ar1
Tlr7	Tlr7
Nfatc1	Nfatc1
Gna15	Gna15
Rnaset2a	Rnaset2a
Plekho2	Plekho2
Bank1	Bank1
Clec4a1	Clec4a1
C920025E04Rik	C920025E04Rik
AI607873	AI607873
Pik3cg	Pik3cg
Adam33	Adam33
Adrb2	Adrb2
Cp	Cp
Unc93b1	Unc93b1
Tgfbr2	Tgfbr2
Stk17b	Stk17b
Ifi203	Ifi203
Rbm47	Rbm47
C5ar1	C5ar1
Cybb	Cybb
Spry1	Spry1
Ccr1	Ccr1
H2-K1	H2-K1
Plin2	Plin2
H2-D1	H2-D1
Nfe2l2	Nfe2l2
Pxdc1	Pxdc1
Ccl24	Ccl24
Zfp36	Zfp36
Casp4	Casp4
Clec4n	Clec4n
Rab32	Rab32
Cd4	Cd4
Ccl12	Ccl12
Ccl7	Ccl7
Ier3	Ier3
Ccl2	Ccl2
Cd14	Cd14
Msh5	Msh5
Cxcl1	Cxcl1
Casp1	Casp1
Cd209f	Cd209f
Ptger4	Ptger4
Ptafr	Ptafr
Gm6377	Gm6377
Snord17	Snord17
Wdfy4	Wdfy4
Mndal	Mndal
Cd209g	Cd209g
P2rx7	P2rx7
Cd209b	Cd209b
Cxcl2	Cxcl2
Gbp8	Gbp8
Slfn2	Slfn2
Tbxas1	Tbxas1
Cd36	Cd36
Gp49a	Gp49a
Cfh	Cfh
Tlr13	Tlr13
Parp3	Parp3
Bmp2	Bmp2
Lilrb4	Lilrb4
Rhbdf2	Rhbdf2
Tpcn2	Tpcn2
Myof	Myof
Bcl3	Bcl3
Fhod1	Fhod1
Nlrc3	Nlrc3
Thbs1	Thbs1
Cd33	Cd33
Dok1	Dok1
Prkcd	Prkcd
Lum	Lum
Itih2	Itih2
Ifi204	Ifi204
Zfp36l1	Zfp36l1
Zc3hav1	Zc3hav1
Cd84	Cd84
AF251705	AF251705
Fblim1	Fblim1
Irf1	Irf1
Dtx3l	Dtx3l
Trim12c	Trim12c
Phf11b	Phf11b
Susd1	Susd1
Glt28d2	Glt28d2
Gm7104	Gm7104
Pon3	Pon3
Ch25h	Ch25h
Car13	Car13
Slc46a3	Slc46a3
Map3k14	Map3k14
Tnfsf18	Tnfsf18
Tmem37	Tmem37
Il16	Il16
Tnfsf9	Tnfsf9
Hmox1	Hmox1
Spic	Spic
Aspm	Aspm
Hbb-b2	Hbb-b2
Hba-a2_loc2	Hba-a2_loc2
Hba-a2_loc1	Hba-a2_loc1
Hbb-bs	Hbb-bs
Slc6a20a	Slc6a20a
Pla1a	Pla1a
Ecm2	Ecm2
Ace2	Ace2
Vtn	Vtn
Ifitm1	Ifitm1
Pth1r	Pth1r
P2ry14	P2ry14
Zic1	Zic1
Kcnj8	Kcnj8
Atp13a5	Atp13a5
Abcc9	Abcc9
Sod3	Sod3
Nr1h3	Nr1h3
Xdh	Xdh
Gm8979	Gm8979
Ccdc102a	Ccdc102a
Zfp503	Zfp503
H2-T9	H2-T9
Hist2h4	Hist2h4
Foxl2os	Foxl2os
Gm694	Gm694
Sele	Sele
Angptl4	Angptl4
Gm6614	Gm6614
Mfng	Mfng
Cmtm8	Cmtm8
Kctd12b	Kctd12b
Serpinb6b	Serpinb6b
Gstt2	Gstt2
Dpp4	Dpp4
Pgm5	Pgm5
Polk	Polk
Layn	Layn
F5	F5
Tecrl	Tecrl
Pear1	Pear1
Lrrk1	Lrrk1
Ushbp1	Ushbp1
Slc19a3	Slc19a3
Emcn	Emcn
Clec14a	Clec14a
Itih5	Itih5
Hmgcs2	Hmgcs2
Rab11fip1	Rab11fip1
Kcp	Kcp
Slc38a5	Slc38a5
Slc22a8	Slc22a8
Slc16a1	Slc16a1
Slco1a4	Slco1a4
Itm2a	Itm2a
Slc16a4	Slc16a4
Slc31a1	Slc31a1
Ctxn3	Ctxn3
Tdrp	Tdrp
Arl4a	Arl4a
Paqr5	Paqr5
AU021092	AU021092
St3gal6	St3gal6
Parp14	Parp14
Tor3a	Tor3a
Hspa1a	Hspa1a
Lsr	Lsr
Cyr61	Cyr61
Ddx58	Ddx58
Hip1	Hip1
Hspa1b	Hspa1b
Robo4	Robo4
Ocln	Ocln
Hspb1	Hspb1
Ifi44	Ifi44
Slco1c1	Slco1c1
Abcc4	Abcc4
Fli1	Fli1
Golim4	Golim4
Sgms1	Sgms1
Foxq1	Foxq1
Lef1	Lef1
St6galnac2	St6galnac2
Gch1	Gch1
Pglyrp1	Pglyrp1
Rtp4	Rtp4
Syde1	Syde1
Sigirr	Sigirr
C130074G19Rik	C130074G19Rik
Cxcl12	Cxcl12
Ifit1	Ifit1
Tjp1	Tjp1
Lypd2	Lypd2
Iqgap1	Iqgap1
Ly6c2	Ly6c2
Mfsd2a	Mfsd2a
Cd2ap	Cd2ap
Flt1	Flt1
Arhgap31	Arhgap31
Kitl	Kitl
Tie1	Tie1
Tcf7	Tcf7
Ghr	Ghr
Fmnl3	Fmnl3
Sox18	Sox18
Fzd6	Fzd6
Elk3	Elk3
Ly6a	Ly6a
Arhgap29	Arhgap29
Clic5	Clic5
Abcb1a	Abcb1a
Pltp	Pltp
Prom1	Prom1
Cgnl1	Cgnl1
Fn1	Fn1
Rbms2	Rbms2
Gpr116	Gpr116
Slc2a1	Slc2a1
Ramp2	Ramp2
Tns1	Tns1
Sparc	Sparc
Arhgef15	Arhgef15
Ptprb	Ptprb
Akap12	Akap12
Eng	Eng
Ahnak	Ahnak
Cdh5	Cdh5
Foxc1	Foxc1
Eif2ak2	Eif2ak2
Ier2	Ier2
Grrp1	Grrp1
Id1	Id1
Dusp1	Dusp1
Epas1	Epas1
Slfn5	Slfn5
Thbd	Thbd
Sox17	Sox17
Msrb3	Msrb3
Osmr	Osmr
Itga1	Itga1
Cobll1	Cobll1
Hes1	Hes1
Cysltr2	Cysltr2
Sik1	Sik1
Lrp5	Lrp5
Ginm1	Ginm1
Afap1l1	Afap1l1
Arhgap42	Arhgap42
Rgs5	Rgs5
Gjc1	Gjc1
Art3	Art3
Fam115c	Fam115c
Egflam	Egflam
Gm3716	Gm3716
Aim1	Aim1
Mecom_loc1	Mecom_loc1
Ajuba	Ajuba
Tnfrsf11b	Tnfrsf11b
Cthrc1	Cthrc1
Gbp3	Gbp3
Ifi47	Ifi47
Marveld2	Marveld2
Kank4	Kank4
Cubn	Cubn
Cdkn2b	Cdkn2b
Smad6	Smad6
Eps8l2	Eps8l2
Alpl	Alpl
Iigp1	Iigp1
Gbp4	Gbp4
Fbln5	Fbln5
Vegfc	Vegfc
Alox12	Alox12
Tgtp1	Tgtp1
Gbp6	Gbp6
Gkn3	Gkn3
Syt15	Syt15
Cast	Cast
Sbspon	Sbspon
Gm12250	Gm12250
Egfl8	Egfl8
Isg15	Isg15
Ltbp4	Ltbp4
Gm4070_loc1	Gm4070_loc1
Hrct1	Hrct1
Tek	Tek
Gm4070_loc2	Gm4070_loc2
Vwf	Vwf
Edn3	Edn3
Calcrl	Calcrl
Mir21	Mir21
Esyt1	Esyt1
Mir24-2	Mir24-2
Afap1l2	Afap1l2
Ceacam1	Ceacam1
Phf11d	Phf11d
AW112010	AW112010
Cav2	Cav2
Ctsh	Ctsh
Vamp5	Vamp5
Ackr3	Ackr3
Cav1	Cav1
Acvrl1	Acvrl1
Cd97	Cd97
Wfdc1	Wfdc1
Tpk1	Tpk1
Piezo1	Piezo1
Cr1l	Cr1l
H2-L	H2-L
Crtap	Crtap
Amotl1	Amotl1
Nos3	Nos3
Eogt	Eogt
Ptrf	Ptrf
Esam	Esam
Anxa2	Anxa2
Anxa3	Anxa3
Dock6	Dock6
Sox13	Sox13
Srgn	Srgn
Parp10	Parp10
Ifitm3	Ifitm3
Utrn	Utrn
Degs2	Degs2
Ly6c1	Ly6c1
Podxl	Podxl
Icam2	Icam2
Ly6f	Ly6f
Cdkn1c	Cdkn1c
Tgm2	Tgm2
Jag1	Jag1
E130310I04Rik	E130310I04Rik
Sdpr	Sdpr
Prss23	Prss23
Klf2	Klf2
Tm4sf1	Tm4sf1
Mmrn2	Mmrn2
Edn1	Edn1
Tnfrsf12a	Tnfrsf12a
Bmx	Bmx
Tspo	Tspo
Vim	Vim
Sgms2	Sgms2
Fbln2	Fbln2
Samd9l	Samd9l
Msn	Msn
Nmi	Nmi
Fkbp7	Fkbp7
Procr	Procr
Rbpms	Rbpms
Fgd5	Fgd5
Dkk2	Dkk2
Tagln2	Tagln2
Ehd2	Ehd2
St8sia6	St8sia6
8430408G22Rik	8430408G22Rik
Nedd9	Nedd9
Fabp4	Fabp4
Myzap	Myzap
1810011O10Rik	1810011O10Rik
Asb4	Asb4
Rbp7	Rbp7
Zic5	Zic5
Fxyd5	Fxyd5
Apold1	Apold1
Adamts1	Adamts1
Klf4	Klf4
Ptgis	Ptgis
Tmem88	Tmem88
9030619P08Rik	9030619P08Rik
Smtn	Smtn
F2r	F2r
Bcl6b	Bcl6b
Cd69	Cd69
Tfpi	Tfpi
Tspan18	Tspan18
Itprip	Itprip
Cdc20	Cdc20
Anxa1	Anxa1
Birc3	Birc3
Ecscr	Ecscr
Vasp	Vasp
Lnx2	Lnx2
Capg	Capg
Serpine1	Serpine1
Itpripl2	Itpripl2
Madcam1	Madcam1
Stap2	Stap2
Tmem252	Tmem252
Ankrd37	Ankrd37
Ctsw	Ctsw
Ppic	Ppic
Adm	Adm
Il2rg	Il2rg
Fam101b	Fam101b
Casp6	Casp6
Pecam1	Pecam1
Gnai2	Gnai2
Gimap4	Gimap4
Rasgrp3	Rasgrp3
Foxf2	Foxf2
Prnd	Prnd
Serpinh1	Serpinh1
Arhgap18	Arhgap18
Cnn2	Cnn2
Myct1	Myct1
Clec1a	Clec1a
Pdlim5	Pdlim5
Apln	Apln
Angpt2	Angpt2
Anxa5	Anxa5
BC028528	BC028528
Pcdh12	Pcdh12
Csrp2	Csrp2
Chrnb1	Chrnb1
Myl12a	Myl12a
Gimap6	Gimap6
Plaur	Plaur
Nostrin	Nostrin
Ctla2b	Ctla2b
Lipc	Lipc
Slc39a8	Slc39a8
Ctla2a	Ctla2a
Klhl6	Klhl6
Olfr1372-ps1	Olfr1372-ps1
Fgfbp1	Fgfbp1
Adcy4	Adcy4
Rhod	Rhod
Prdm11	Prdm11
Gm5	Gm5
Prg4	Prg4
Adamts9	Adamts9
Rasip1	Rasip1
Cd93	Cd93
Lamc1	Lamc1
Kdr	Kdr
Aplnr	Aplnr
Myo1b	Myo1b
Slc7a5	Slc7a5
Arap3	Arap3
Igfbp7	Igfbp7
Wwtr1	Wwtr1
Car4	Car4
Grap	Grap
Sox7	Sox7
Col4a1	Col4a1
Tpm4	Tpm4
Eltd1	Eltd1
Vwa1	Vwa1
Sipa1	Sipa1
Col4a2	Col4a2
Arhgap27	Arhgap27
Ets1	Ets1
Cldn5	Cldn5
Cd40	Cd40
Nid2	Nid2
Pmaip1	Pmaip1
Zic3	Zic3
Rai14	Rai14
Lama4	Lama4
Ccdc141	Ccdc141
Myo10	Myo10
Cdkn1a	Cdkn1a
St8sia4	St8sia4
Nid1	Nid1
Hspg2	Hspg2
Rhoj	Rhoj
Hmcn1	Hmcn1
Megf6	Megf6
Pald1	Pald1
Piezo2	Piezo2
Ggta1	Ggta1
Map3k1	Map3k1
Trim56	Trim56
Prdm1	Prdm1
Itga5	Itga5
Nes	Nes
Tbx1	Tbx1
Proser2	Proser2
Icam1	Icam1
Sh3tc1	Sh3tc1
5033406O09Rik	5033406O09Rik
Tmem154	Tmem154
Ly75	Ly75
Htra3	Htra3
Ncaph	Ncaph
Tnfsf8	Tnfsf8
Svep1	Svep1
Tmem204	Tmem204
Gm16287	Gm16287
Zfp36l2	Zfp36l2
Tmem176b	Tmem176b
Sat1	Sat1
Ptges	Ptges
Gli1	Gli1
Gm11627	Gm11627
Fsip1	Fsip1
Igfbp2	Igfbp2
Cml5	Cml5
Tead3	Tead3
Fzd9	Fzd9
Slc13a5	Slc13a5
Il33	Il33
Etv4	Etv4
Slc7a10	Slc7a10
Cml3	Cml3
Smim3	Smim3
Chrdl1	Chrdl1
Cml1	Cml1
Tlcd1	Tlcd1
Notch1	Notch1
Kcng4	Kcng4
Grin2c	Grin2c
2610034M16Rik	2610034M16Rik
Lgr6	Lgr6
Rapgef3	Rapgef3
Sall3	Sall3
Nrarp	Nrarp
Prrx1	Prrx1
Crot	Crot
Atp13a4	Atp13a4
Vegfa	Vegfa
Car8	Car8
Hsd11b1	Hsd11b1
Gabrg1	Gabrg1
Vcam1	Vcam1
Gas1	Gas1
Itih3	Itih3
S1pr1	S1pr1
Dbx2	Dbx2
Tril	Tril
Mfge8	Mfge8
Elovl2	Elovl2
AI464131	AI464131
Slc13a3	Slc13a3
Btbd17	Btbd17
Gjb6	Gjb6
F3	F3
Cth	Cth
Gm266	Gm266
Smpdl3a	Smpdl3a
Timp3	Timp3
Scara3	Scara3
Slc6a11	Slc6a11
Tlr3	Tlr3
Ndp	Ndp
Greb1	Greb1
Phkg1	Phkg1
Appl2	Appl2
Retsat	Retsat
Phka1	Phka1
Slc15a2	Slc15a2
Slc9a3r1	Slc9a3r1
Fgfr3	Fgfr3
Bcan	Bcan
Ppap2b	Ppap2b
Steap3	Steap3
Aqp9	Aqp9
Sox21	Sox21
Oaf	Oaf
Slc39a12	Slc39a12
Htra1	Htra1
Trps1	Trps1
Slc38a3	Slc38a3
Ptprz1	Ptprz1
Gpr37l1	Gpr37l1
Acss1	Acss1
Atp1a2	Atp1a2
Slc4a4	Slc4a4
Cbs	Cbs
Rfx4	Rfx4
Slc1a3	Slc1a3
Prodh	Prodh
Rorb	Rorb
Cdc42ep4	Cdc42ep4
Dio2	Dio2
Gja1	Gja1
Fam20a	Fam20a
Acot11	Acot11
Car5b	Car5b
Pax6	Pax6
Ephx2	Ephx2
Lrig1	Lrig1
Acsbg1	Acsbg1
Rgcc	Rgcc
Cldn10	Cldn10
Sox9	Sox9
Fam107a	Fam107a
Sash1	Sash1
Tmem100	Tmem100
Ezr	Ezr
Ntsr2	Ntsr2
Gldc	Gldc
Sox2	Sox2
Aldoc	Aldoc
Slc12a4	Slc12a4
Tnfrsf19	Tnfrsf19
Serpine2	Serpine2
Timp4	Timp4
Bmpr1b	Bmpr1b
5930403L14Rik	5930403L14Rik
D630013N20Rik	D630013N20Rik
Ndrg2	Ndrg2
Aass	Aass
Slc25a18	Slc25a18
Aldh1l1	Aldh1l1
Mt2	Mt2
Rgs20	Rgs20
Sfxn5	Sfxn5
Cyp2d22	Cyp2d22
Lcat	Lcat
Apoe	Apoe
Cyp2j9	Cyp2j9
Id4	Id4
Pla2g7	Pla2g7
Mt1	Mt1
Mlc1	Mlc1
Cyp4v3	Cyp4v3
Aqp4	Aqp4
Cyp4f14	Cyp4f14
Axl	Axl
Naaa	Naaa
Bco2	Bco2
Pxmp2	Pxmp2
Efs	Efs
Bcar3	Bcar3
Ednrb	Ednrb
Cideb	Cideb
Naprt1	Naprt1
E130114P18Rik	E130114P18Rik
Tmem47	Tmem47
Fabp7	Fabp7
Lpar4	Lpar4
Pdpn	Pdpn
Ppp1r3c	Ppp1r3c
Prex2	Prex2
Sdc4	Sdc4
Soat1	Soat1
2900052N01Rik	2900052N01Rik
Fbxo2	Fbxo2
Gstm1	Gstm1
Agt	Agt
Acaa2	Acaa2
Cpq	Cpq
Tmem176a	Tmem176a
Igfbp5	Igfbp5
Gstm3	Gstm3
Gjb2	Gjb2
Hopx	Hopx
Apoc1	Apoc1
Slc14a1	Slc14a1
Fxyd1	Fxyd1
Acadl	Acadl
Cd44	Cd44
Rlbp1	Rlbp1
A330048O09Rik	A330048O09Rik
Emp2	Emp2
Mgst1	Mgst1
Pdyn	Pdyn
Nxn	Nxn
Il11ra1	Il11ra1
Tfcp2l1	Tfcp2l1
Slc36a2	Slc36a2
Nqo1	Nqo1
Gfap	Gfap
Suclg2	Suclg2
E030003E18Rik	E030003E18Rik
Rdh5	Rdh5
Serpinf1	Serpinf1
Aldh1a1	Aldh1a1
C4a	C4a
Islr	Islr
Kcne1l	Kcne1l
Id3	Id3
C4b	C4b
Olfr287	Olfr287
Hspb8	Hspb8
Cyp1b1	Cyp1b1
Myoc	Myoc
Ddr2	Ddr2
Gstt3	Gstt3
S100a4	S100a4
Acsf2	Acsf2
Loxl1	Loxl1
Mr1	Mr1
Gm5089	Gm5089
Efemp1	Efemp1
Vnn1	Vnn1
Tll1	Tll1
Upk1b	Upk1b
Crabp2	Crabp2
Cdh1	Cdh1
Col23a1	Col23a1
Rhbdf1	Rhbdf1
Micall2	Micall2
Plcb3	Plcb3
Iqub	Iqub
A330021E22Rik	A330021E22Rik
Col5a3	Col5a3
Spef1	Spef1
Gramd1c	Gramd1c
Hdc	Hdc
Zc3h12a	Zc3h12a
Col12a1	Col12a1
1700016K19Rik	1700016K19Rik
Mro	Mro
Marc1	Marc1
Clec3b	Clec3b
Dnaaf3	Dnaaf3
Iqca	Iqca
Col8a2	Col8a2
Krt15	Krt15
Aebp1	Aebp1
Dsg2	Dsg2
Wdr78	Wdr78
Gm16119	Gm16119
Ccdc146	Ccdc146
Spata17	Spata17
Synpo2	Synpo2
Sntn	Sntn
Gm10714	Gm10714
Bace2	Bace2
Ak7	Ak7
4833427G06Rik	4833427G06Rik
1700007G11Rik	1700007G11Rik
Rnase1	Rnase1
Antxr1	Antxr1
Ankrd66	Ankrd66
Fam183b	Fam183b
Fhad1	Fhad1
Tmem212	Tmem212
Wdr16	Wdr16
Rsph4a	Rsph4a
Gm1661	Gm1661
Gm11992	Gm11992
6820408C15Rik	6820408C15Rik
Odf3b	Odf3b
Trim68	Trim68
Enkur	Enkur
Cdc14a	Cdc14a
Msx1	Msx1
Smim5	Smim5
Efcab10	Efcab10
1700094D03Rik	1700094D03Rik
Naga	Naga
Zp3	Zp3
C1qtnf3	C1qtnf3
Zfp474	Zfp474
4932438H23Rik	4932438H23Rik
Ppp1r32	Ppp1r32
Ubxn10	Ubxn10
Rassf4	Rassf4
1700013G23Rik	1700013G23Rik
Ccdc80	Ccdc80
Capsl	Capsl
Dynlrb2	Dynlrb2
Lrrc34	Lrrc34
Riiad1	Riiad1
Mia	Mia
2310015B20Rik	2310015B20Rik
Dapl1	Dapl1
Stoml3	Stoml3
Ucma	Ucma
Dmkn	Dmkn
Spag8	Spag8
Fam92b	Fam92b
Fam166b	Fam166b
Socs3	Socs3
Ccdc81	Ccdc81
Dchs1	Dchs1
1700026L06Rik	1700026L06Rik
Slc22a4	Slc22a4
Gm5918	Gm5918
Morn5	Morn5
Tmem232	Tmem232
Spef2	Spef2
Akap14	Akap14
Rsph1	Rsph1
Lrrc23	Lrrc23
Ptgr1	Ptgr1
Nek5	Nek5
Rarres2	Rarres2
Ttc21a	Ttc21a
1700009P17Rik	1700009P17Rik
Plxnb2	Plxnb2
Fam216b	Fam216b
1700028P14Rik	1700028P14Rik
Eppk1	Eppk1
Mlf1	Mlf1
Krt18	Krt18
Tekt1	Tekt1
Iqcg	Iqcg
1700019L03Rik	1700019L03Rik
Adamts20	Adamts20
Ccdc113	Ccdc113
Ppp1r36	Ppp1r36
Gm17455	Gm17455
Pifo	Pifo
Lect1	Lect1
Dcdc2b	Dcdc2b
Mns1	Mns1
Dnali1	Dnali1
Gtsf1l	Gtsf1l
1110017D15Rik	1110017D15Rik
Ccdc153	Ccdc153
1700026D08Rik	1700026D08Rik
Tctex1d4	Tctex1d4
Calml4	Calml4
1700001C02Rik	1700001C02Rik
Lbp	Lbp
2410004P03Rik	2410004P03Rik
Prelp	Prelp
Bdh2	Bdh2
Lrrc48	Lrrc48
Plcd4	Plcd4
1700007K13Rik	1700007K13Rik
Lrrc51	Lrrc51
Ccdc108	Ccdc108
Armc3	Armc3
Plac9a_loc1	Plac9a_loc1
Plac9a_loc2	Plac9a_loc2
Ccdc40	Ccdc40
Got1l1	Got1l1
Plac9a_loc3	Plac9a_loc3
Cdhr3	Cdhr3
Kcnj16	Kcnj16
Wdr52	Wdr52
Spa17	Spa17
Foxj1	Foxj1
Fam71a	Fam71a
Rgs22	Rgs22
Slc14a2_loc2	Slc14a2_loc2
Unc13d	Unc13d
Gm7173	Gm7173
Dsc3	Dsc3
Crygn	Crygn
Gm872	Gm872
Ifit3	Ifit3
2810047C21Rik1	2810047C21Rik1
Cd109	Cd109
St8sia2	St8sia2
Srebf1	Srebf1
Cox6b2	Cox6b2
1700012B09Rik	1700012B09Rik
Emp1	Emp1
Gpx8	Gpx8
Cxcr4	Cxcr4
Gpr98	Gpr98
Dpy19l2	Dpy19l2
Tcea3	Tcea3
Dnah7a	Dnah7a
E030019B06Rik	E030019B06Rik
Ttc30a2	Ttc30a2
Ttc12	Ttc12
Armc4	Armc4
Idh2	Idh2
Meig1	Meig1
1700024G13Rik	1700024G13Rik
Dnaic1	Dnaic1
Ttc18	Ttc18
Wdr65	Wdr65
Spata6	Spata6
Mamdc2	Mamdc2
Lgals3	Lgals3
Daw1	Daw1
Maats1	Maats1
Spag17	Spag17
4930451C15Rik	4930451C15Rik
Spag16_loc1	Spag16_loc1
Zfp185	Zfp185
5330413P13Rik	5330413P13Rik
Dnah5	Dnah5
Car9	Car9
Vwa3a	Vwa3a
Vit	Vit
Adgb	Adgb
Spag6	Spag6
Cetn4	Cetn4
Pi15	Pi15
Slc14a2_loc1	Slc14a2_loc1
Rd3	Rd3
Cep128	Cep128
Wdr96	Wdr96
Fam84b	Fam84b
Nuf2	Nuf2
Gm973	Gm973
Ccdc11	Ccdc11
Styxl1	Styxl1
Antxr2	Antxr2
Pbld2	Pbld2
Ikbke	Ikbke
1600029I14Rik	1600029I14Rik
Ccdc121	Ccdc121
Ccdc33	Ccdc33
Hydin	Hydin
Zfp423	Zfp423
Irx3	Irx3
Pdlim4	Pdlim4
Socs1	Socs1
Myb	Myb
Dnah2	Dnah2
Dnah11	Dnah11
3110099E03Rik	3110099E03Rik
Bbox1	Bbox1
Zbbx	Zbbx
Trp73	Trp73
E230008N13Rik	E230008N13Rik
Myo7a	Myo7a
Wdr63	Wdr63
Celsr1	Celsr1
BC051019	BC051019
Cuzd1	Cuzd1
Fbln1	Fbln1
Slc26a2	Slc26a2
Ogn	Ogn
Cpxm2	Cpxm2
Fibin	Fibin
Slc47a1	Slc47a1
Gstm2	Gstm2
Rbp1	Rbp1
Slc13a4	Slc13a4
Cox7a1	Cox7a1
Abca4	Abca4
A2m	A2m
Spint2	Spint2
Maob	Maob
C1qtnf5	C1qtnf5
Igf2	Igf2
Col8a1	Col8a1
Slc2a12	Slc2a12
Tmem72	Tmem72
Sfrp1	Sfrp1
Plek2	Plek2
4930444M15Rik	4930444M15Rik
Dsp	Dsp
Tbc1d2	Tbc1d2
Ephx1	Ephx1
1500015O10Rik	1500015O10Rik
Bmp7	Bmp7
Pbxip1	Pbxip1
Cd248	Cd248
Col3a1	Col3a1
Il6	Il6
Pdlim1	Pdlim1
Nupr1	Nupr1
Mgp	Mgp
Olfr78	Olfr78
Ano1	Ano1
Gpr20	Gpr20
0610007N19Rik	0610007N19Rik
Des	Des
Ephx3	Ephx3
Tmem255b	Tmem255b
Plce1	Plce1
Gm14005	Gm14005
Rcsd1	Rcsd1
Higd1b	Higd1b
Gper1	Gper1
Enpep	Enpep
Foxs1	Foxs1
Casq2	Casq2
Pgf	Pgf
Notch3	Notch3
Kank2	Kank2
Aspn	Aspn
Atp2a3	Atp2a3
Hspb2	Hspb2
Angpt1	Angpt1
Lox	Lox
H2-Bl	H2-Bl
4930523C07Rik	4930523C07Rik
S100a11	S100a11
Plekhg2	Plekhg2
Pdgfrb	Pdgfrb
Rasl11a	Rasl11a
Serping1	Serping1
Kcne4	Kcne4
Lrrc32	Lrrc32
Lama5	Lama5
Slc2a4	Slc2a4
Cped1	Cped1
Lamb2	Lamb2
Crispld2	Crispld2
Bgn	Bgn
Stom	Stom
Myocd	Myocd
Col18a1	Col18a1
Col1a2	Col1a2
Heyl	Heyl
Zfhx3	Zfhx3
Rrad	Rrad
Myom1	Myom1
Col4a5	Col4a5
Hey2	Hey2
Tinagl1	Tinagl1
Bcam	Bcam
Actg2	Actg2
Kirrel	Kirrel
Aoc3	Aoc3
Asb2	Asb2
Cspg4	Cspg4
Tgfb3	Tgfb3
Ntf3	Ntf3
Adamts14	Adamts14
C1s	C1s
Sgca	Sgca
Emp3	Emp3
Ctgf	Ctgf
Perp	Perp
Filip1	Filip1
C1qtnf7	C1qtnf7
Slc38a11	Slc38a11
Filip1l	Filip1l
Phldb2	Phldb2
Cald1	Cald1
Myh11	Myh11
Eln	Eln
Acta2	Acta2
Myl9	Myl9
Crip1	Crip1
Wtip	Wtip
Tagln	Tagln
Tpm2	Tpm2
Rcn3	Rcn3
Mylk	Mylk
Pln	Pln
Mrvi1	Mrvi1
Rasl12	Rasl12
Mustn1	Mustn1
P2rx1	P2rx1
Ednra	Ednra
Gja4	Gja4
Pdlim3	Pdlim3
Olfr558	Olfr558
Pcolce	Pcolce
Tmem51	Tmem51
Col1a1	Col1a1
9230112J17Rik	9230112J17Rik
Kcnmb1	Kcnmb1
Casp12	Casp12
